species,group,file_url,file_name,sex,time,date,country,url,method
Olivaceous Saltator,birds,https://xeno-canto.org/573311/download,XC573311-MVI_2229.MXmp3.mp3,,09:00,2019-11-24,Colombia,//xeno-canto.org/573311,field recording
Olivaceous Saltator,birds,https://xeno-canto.org/567311/download,"XC567311-Greyish Saltator, song, Mana Dulce, 200610-037.mp3",,09:00,2020-06-10,Colombia,//xeno-canto.org/567311,field recording
Olivaceous Saltator,birds,https://xeno-canto.org/567310/download,"XC567310-Greyish Saltator, song, Mana Dulce, 200610-035.mp3",,09:00,2020-06-10,Colombia,//xeno-canto.org/567310,field recording
Olivaceous Saltator,birds,https://xeno-canto.org/567309/download,"XC567309-Greyish Saltator, song, 200610-034.mp3",,09:00,2020-06-10,Colombia,//xeno-canto.org/567309,field recording
Western Fire-eye,birds,https://xeno-canto.org/545236/download,XC545236-200127_0466_WhiteBackedFireEye_song_call_OldLojaZamoraRd_20200127_1720.mp3,,17:20,2020-01-27,Ecuador,//xeno-canto.org/545236,field recording
Olivaceous Saltator,birds,https://xeno-canto.org/542031/download,XC542031-Saltator coerulescens.mp3,uncertain,07:30,2020-04-05,Colombia,//xeno-canto.org/542031,field recording
Chestnut-capped Warbler,birds,https://xeno-canto.org/540091/download,XC540091-Rufous-capped Warbler.mp3,,10:30,2020-03-26,Colombia,//xeno-canto.org/540091,field recording
Delicate Prinia,birds,https://xeno-canto.org/520027/download,XC520027-Graceful_Prinia_NalSarovar_Xeno_Canto.mp3,,13:00,2019-02-03,India,//xeno-canto.org/520027,field recording
Western Fire-eye,birds,https://xeno-canto.org/511425/download,XC511425-White-backed fire-eye 191105.mp3,,00:00,2019-11-05,Ecuador,//xeno-canto.org/511425,field recording
Olivaceous Saltator,birds,https://xeno-canto.org/502836/download,XC502836-Saltator coerulescens.mp3,male,09:30,2018-09-17,Colombia,//xeno-canto.org/502836,field recording
Cinnamon-bellied Saltator,birds,https://xeno-canto.org/499849/download,XC499849-190713_007 Grayish Saltator HB.mp3,,04:00,2019-07-13,Costa Rica,//xeno-canto.org/499849,field recording
Sulawesi Leaf Warbler,birds,https://xeno-canto.org/497903/download,XC497903-Phylloscopus sarasinorum 1800m Tumpu.mp3,,10:00,2013-12-13,Indonesia,//xeno-canto.org/497903,field recording
Chestnut-capped Warbler,birds,https://xeno-canto.org/492567/download,XC492567-a362. Basileuterus rufifrons. Paquiló. Cundinamarca. DRRV.mp3,,02:02,2017-12-06,Colombia,//xeno-canto.org/492567,field recording
Chestnut-capped Warbler,birds,https://xeno-canto.org/428318/download,"XC428318-Rufous-capped Warbler, 180722-000.mp3",,06:00,2018-07-21,Colombia,//xeno-canto.org/428318,field recording
West Mexican Euphonia,birds,https://xeno-canto.org/302616/download,XC302616-SCEU_CCSON_DVP_151220_09.mp3,,08:10,2015-12-20,Mexico,//xeno-canto.org/302616,field recording
Western Fire-eye,birds,https://xeno-canto.org/209072/download,XC209072-White-backed Fire-Eye.mp3,,10:30,2015-01-02,Ecuador,//xeno-canto.org/209072,field recording
Rennell Gerygone,birds,https://xeno-canto.org/70661/download,Fan-tailed_Gerygone.mp3,,?,1994-03-00,Solomon Islands,//xeno-canto.org/70661,field recording
Chinchipe Spinetail,birds,https://xeno-canto.org/36065/download,SPChinchipe_FL 3Jul06 between Jaen_SanIgnacio.mp3,,09:00,2006-07-03,Peru,//xeno-canto.org/36065,field recording
Malayan Black-capped Babbler,birds,https://xeno-canto.org/775447/download,XC775447-a04a.mp3,,12:00,1986-02-05,Malaysia,//xeno-canto.org/775447,field recording
Chestnut-capped Warbler,birds,https://xeno-canto.org/774109/download,XC774109-RUFOUS-CAPPED-WARBLER-Santa-Elena-Costa-Rica-9.25am-05272013.mp3,,09:25,2013-05-27,Costa Rica,//xeno-canto.org/774109,field recording
Chestnut-capped Warbler,birds,https://xeno-canto.org/774101/download,XC774101-RUFOUS-CAPPED-WARBLER--Santa-Elena-Costa-Rica-9.26am-05272013.wav,,09:26,2013-05-27,Costa Rica,//xeno-canto.org/774101,field recording
Turkestan Short-toed Lark,birds,https://xeno-canto.org/773176/download,XC773176-Aladaula-henei-heinei-calls-song-Kanshengel-220524-a.mp3,,07:00,2022-05-24,Kazakhstan,//xeno-canto.org/773176,field recording
Turkestan Short-toed Lark,birds,https://xeno-canto.org/772588/download,XC772588-Alaudala-heinei-heinei-songfli-Kanshengel-220524-e.mp3,,07:30,2022-05-24,Kazakhstan,//xeno-canto.org/772588,field recording
Perija Antpitta,birds,https://xeno-canto.org/771978/download,XC771978-Grallaria_saltuensis-FL-response-song-Above-Proaves-11Nov22-10.37am-LS117577a.mp3,uncertain,10:37,2022-11-11,Colombia,//xeno-canto.org/771978,field recording
Magellanic Snipe,birds,https://xeno-canto.org/771829/download,"XC771829-South-American-Snipe,-Cape-Pembroke,-11th-December-2020,-2147.wav",uncertain,21:30,2020-12-11,United Kingdom,//xeno-canto.org/771829,field recording
Utcubamba Tapaculo,birds,https://xeno-canto.org/766350/download,"XC766350-221118_05_Utcubamba-Tapaculo_San-Lorenzo-ridge-crest,-Amazonas,-Peru_17-November-2022.wav",,08:45,2022-11-17,Peru,//xeno-canto.org/766350,field recording
Utcubamba Tapaculo,birds,https://xeno-canto.org/766349/download,"XC766349-221118_04_Utcubamba-Tapaculo_San-Lorenzo-ridge-crest,-Amazonas,-Peru_17-November-2022.wav",,08:30,2022-11-17,Peru,//xeno-canto.org/766349,field recording
Sunda Scimitar Babbler,birds,https://xeno-canto.org/759237/download,XC759237-Chestnut-backed-Scimitar-Babbler-20220903-01-Trusmadi-edit.mp3,uncertain,08:00,2022-09-03,Malaysia,//xeno-canto.org/759237,field recording
Bornean Black Magpie,birds,https://xeno-canto.org/756164/download,XC756164-Bornean-Black-Magpie-@-RDC-Sepilok-9.18-am-220912_2433.mp3,uncertain,09:18,2022-09-12,Malaysia,//xeno-canto.org/756164,field recording
Bornean Black Magpie,birds,https://xeno-canto.org/756136/download,XC756136-Bornean-Black-Magpie-@-RDC-Sepilok-8.40-am-220912_2425.mp3,uncertain,08:40,2022-09-12,Malaysia,//xeno-canto.org/756136,field recording
Tapajos Fire-eye,birds,https://xeno-canto.org/754598/download,XC754598-18-09-2022-8e21-Papa-taoca-do-tapajos.mp3,male,8:21,2022-09-18,Brazil,//xeno-canto.org/754598,in the hand
Western Fire-eye,birds,https://xeno-canto.org/750668/download,"XC750668-White-backed Fire-eye, Wild Sumaco, 20220718.mp3",uncertain,06:30,2022-07-18,Ecuador,//xeno-canto.org/750668,field recording
Bolivian Antpitta,birds,https://xeno-canto.org/745439/download,XC745439-220812_0266.mp3,uncertain,18:18,2022-08-12,Bolivia,//xeno-canto.org/745439,field recording
Cinnamon-bellied Saltator,birds,https://xeno-canto.org/742588/download,XC742588-cinnamon-bellied SAltator Ashram ago 11 730 _0560.mp3,,07:30,2022-08-11,Mexico,//xeno-canto.org/742588,field recording
Cinnamon-bellied Saltator,birds,https://xeno-canto.org/742587/download,XC742587- Cinnamon-bellied SAltator Song Ashram Ago11 728 DR0000_0559.mp3,,07:28,2022-08-11,Mexico,//xeno-canto.org/742587,field recording
Greyish-crowned Leafbird,birds,https://xeno-canto.org/742126/download,XC742126-1.mp3,male,09:00,2021-01-03,China,//xeno-canto.org/742126,field recording
Black-capped Robin,birds,https://xeno-canto.org/741461/download,XC741461-Heteromyias albispecularis rothschildi_iw_Mananda_130817_09.mp3,,10:55,2013-08-17,Papua New Guinea,//xeno-canto.org/741461,field recording
Black-capped Robin,birds,https://xeno-canto.org/741460/download,XC741460-Heteromyias albispecularis rothschildi_iw_Mananda_130817_03.mp3,,10:30,2013-08-17,Papua New Guinea,//xeno-canto.org/741460,field recording
Turkestan Short-toed Lark,birds,https://xeno-canto.org/741172/download,XC741172-Lesser Short-toed Lark ssp-FL song on ground NNE of Al Shalbub Sakaka 10Dec21 9.07am LS115932a.mp3,,09:07,2021-12-10,Saudi Arabia,//xeno-canto.org/741172,field recording
Sunda Scimitar Babbler,birds,https://xeno-canto.org/735332/download,"XC735332-Scimitarbabbler,cb.mp3",,09:00,2022-06-24,Thailand,//xeno-canto.org/735332,field recording
Turkestan Short-toed Lark,birds,https://xeno-canto.org/732886/download,XC732886-Lesser Short-toed Lark ssp-FL song on ground NNE of All Shalbub Sakaka 10Dec21 9.07am LS115932a.mp3,,09:07,2021-12-10,Saudi Arabia,//xeno-canto.org/732886,field recording
Western Fire-eye,birds,https://xeno-canto.org/732280/download,XC732280-220605_5650.mp3,uncertain,09:30,2022-06-05,Bolivia,//xeno-canto.org/732280,field recording
Bornean Black-capped Babbler,birds,https://xeno-canto.org/730735/download,XC730735-Pellorneum capistratoides_DG_MixPre-183.mp3,,07:00,2022-05-25,Malaysia,//xeno-canto.org/730735,field recording
Bornean Black-capped Babbler,birds,https://xeno-canto.org/730672/download,XC730672-Pellorneum capistratoides_DG_MixPre-096.mp3,,08:30,2022-05-24,Malaysia,//xeno-canto.org/730672,field recording
Bornean Black-capped Babbler,birds,https://xeno-canto.org/730671/download,XC730671-Pellorneum capistratoides_DG_MixPre-095.mp3,,08:30,2022-05-24,Malaysia,//xeno-canto.org/730671,field recording
Tanzanian Illadopsis,birds,https://xeno-canto.org/729581/download,XC729581-220513-092328_plus_00m00s_PaleBreastedIlladopsis_song_HighPass.mp3,,09:23,2022-05-13,Tanzania,//xeno-canto.org/729581,field recording
Malayan Black-capped Babbler,birds,https://xeno-canto.org/725972/download,XC725972-Black-capped Babbler @ Lenggor 847am 220515_2053.mp3,,08:47,2022-05-15,Malaysia,//xeno-canto.org/725972,field recording
Malayan Black-capped Babbler,birds,https://xeno-canto.org/725685/download,XC725685-Black-capped Babbler @ Panti 220501_2026.mp3,,08:32,2022-05-01,Malaysia,//xeno-canto.org/725685,field recording
Malayan Black-capped Babbler,birds,https://xeno-canto.org/724334/download,XC724334-Black-capped Babbler_Panti_DLY.mp3,,10:30,2022-05-15,Malaysia,//xeno-canto.org/724334,field recording
Olivaceous Saltator,birds,https://xeno-canto.org/721914/download,XC721914-Saltator olivascens song VN Alvarado 26062020.mp3,,08:30,2020-06-26,Colombia,//xeno-canto.org/721914,field recording
Siberian House Martin,birds,https://xeno-canto.org/721434/download,XC721434-Delichon lagopodum md35-16.mp3,,17:30,2005-06-20,Mongolia,//xeno-canto.org/721434,field recording
Tanzanian Illadopsis,birds,https://xeno-canto.org/718314/download,XC718314-210201-065110_plus_00m20s_PaleBreastedIlladopsis_song-incomplete_call_VolUp_HaveCutAway_sp.mp3,,06:47,2021-02-01,Tanzania,//xeno-canto.org/718314,field recording
Tanzanian Illadopsis,birds,https://xeno-canto.org/718295/download,XC718295-210131-082137_plus_00m00s_PaleBreastedIlladopsis_song_VolUpHighPass.mp3,,08:21,2021-01-31,Tanzania,//xeno-canto.org/718295,field recording
Tanzanian Illadopsis,birds,https://xeno-canto.org/718294/download,XC718294-210129-074119_plus_00m00s_PaleBreastedIlladopsis_call_also_YrTInkerbird_HIghPass-only.mp3,,07:41,2021-01-29,Tanzania,//xeno-canto.org/718294,field recording
Tanzanian Illadopsis,birds,https://xeno-canto.org/717249/download,XC717249-210126-180028_plus_01m20s_PaleBreastedIlladopsis_song_HighPass-only.mp3,,18:01,2021-04-26,Tanzania,//xeno-canto.org/717249,field recording
Tanzanian Illadopsis,birds,https://xeno-canto.org/717035/download,XC717035-210123-062007_plus_00m00s_PaleBreastedIlladopsis_song_No-change.mp3,,06:20,2021-01-23,Tanzania,//xeno-canto.org/717035,field recording
Tanzanian Illadopsis,birds,https://xeno-canto.org/717019/download,XC717019-210122-184248_plus_00m00s_PaleBreastedIlladopsis_also_SykesMonkey_song_No-change.mp3,,18:49,2021-01-22,Tanzania,//xeno-canto.org/717019,field recording
Olivaceous Saltator,birds,https://xeno-canto.org/716835/download,XC716835-Saltator olivascens vn song Doima HDA 03102020.mp3,,06:48,2020-10-03,Colombia,//xeno-canto.org/716835,field recording
Chestnut-capped Warbler,birds,https://xeno-canto.org/712359/download,XC712359-ruf-capped warbler seen_03.29.2022 0758.mp3,,07:58,2022-03-29,Panama,//xeno-canto.org/712359,field recording
Western Fire-eye,birds,https://xeno-canto.org/707852/download,"XC707852-Batará ojo de fuego - Pyriglena maura (30-01-2022 - Bosque nublado de Roble, Huancavelica).mp3",,06:30,2022-01-30,Peru,//xeno-canto.org/707852,field recording
Western Fire-eye,birds,https://xeno-canto.org/703839/download,XC703839-FIR-EYE_Western_rattle Los Volcanes 1000m 112421 0850.mp3,uncertain,08:50,2021-11-24,Bolivia,//xeno-canto.org/703839,field recording
African Green Bee-eater,birds,https://xeno-canto.org/702898/download,"XC702898-African Green Bee-eater, song, Njau, Upper Saloum, Gambia, 050222, 0934 uur.mp3",uncertain,09:34,2022-02-05,Gambia,//xeno-canto.org/702898,field recording
Muisca Antpitta,birds,https://xeno-canto.org/696404/download,XC696404-Equatorial Antpitta 5m mp3.mp3,,08:30,2021-12-14,Ecuador,//xeno-canto.org/696404,field recording
Tapajos Fire-eye,birds,https://xeno-canto.org/695999/download,XC695999-STE-037 Pyriglena similis.mp3,,08:00,2021-11-07,Brazil,//xeno-canto.org/695999,field recording
Western Fire-eye,birds,https://xeno-canto.org/694774/download,XC694774-211229_0344WEFE 7m 0800.mp3,,08:00,2021-12-29,Ecuador,//xeno-canto.org/694774,field recording
Sierra Nevada Antpitta,birds,https://xeno-canto.org/694179/download,XC694179-Sierra nevada antpitta 211127 Colombia.mp3,,07:00,2021-11-27,Colombia,//xeno-canto.org/694179,field recording
Western Fire-eye,birds,https://xeno-canto.org/693801/download,XC693801-LS_58943 Western Fire-eye song and call A.mp3,,16:30,2021-11-17,Colombia,//xeno-canto.org/693801,field recording
Western Fire-eye,birds,https://xeno-canto.org/693800/download,XC693800-LS_58840 Western Fire-eye song A.mp3,,07:00,2021-11-16,Colombia,//xeno-canto.org/693800,field recording
Perija Antpitta,birds,https://xeno-canto.org/693560/download,XC693560-LS_58495 Perija Antpitta song A.mp3,,07:00,2021-11-11,Colombia,//xeno-canto.org/693560,field recording
Moss-backed Sparrow,birds,https://xeno-canto.org/692727/download,XC692727-211202_4652_1.mp3,,07:31,2021-12-02,Bolivia,//xeno-canto.org/692727,field recording
Penan Bulbul,birds,https://xeno-canto.org/691985/download,XC691985-Penan bulbul.mp3,uncertain,09:00,2021-10-05,Indonesia,//xeno-canto.org/691985,field recording
Loja Tapaculo,birds,https://xeno-canto.org/690537/download,XC690537-ZOOM0082 Loja Paramo Tapaculo.mp3,,13:30,2021-11-19,Ecuador,//xeno-canto.org/690537,field recording
Western Fire-eye,birds,https://xeno-canto.org/689464/download,XC689464-Pyriglena leuconota - bri.mp3,,10:00,2021-11-05,Colombia,//xeno-canto.org/689464,field recording
Delicate Prinia,birds,https://xeno-canto.org/688133/download,XC688133-Prinia_Song_Khafra_11-19-21 (ZOOM0045).mp3,male,07:30,2021-11-19,Saudi Arabia,//xeno-canto.org/688133,field recording
Delicate Prinia,birds,https://xeno-canto.org/688131/download,XC688131-Prinia_calls_song_Sabkhat_Al Fasel (ZOOM0032).mp3,male,07:30,2021-11-19,Saudi Arabia,//xeno-canto.org/688131,field recording
Delicate Prinia,birds,https://xeno-canto.org/688129/download,XC688129-Prinia_calls_song_Sabkhat_Al_Fasl_11-19-21 (ZOOM0024).mp3,male,07:30,2021-11-19,Saudi Arabia,//xeno-canto.org/688129,field recording
Delicate Prinia,birds,https://xeno-canto.org/688128/download,XC688128-Prinia_song_call_Sabkhat_Al_Fasl_11-19-21 (ZOOM0031).mp3,male,07:30,2021-11-19,Saudi Arabia,//xeno-canto.org/688128,field recording
Delicate Prinia,birds,https://xeno-canto.org/688127/download,XC688127-Prinia_song_calls_Sabkhat_AlFasl_11-29-21(ZOOM0035).mp3,male,07:30,2021-11-19,Saudi Arabia,//xeno-canto.org/688127,field recording
Delicate Prinia,birds,https://xeno-canto.org/688126/download,XC688126-Prinia_song_Sabkhat_AlFasl_11-19-21_(ZOOM0034).mp3,male,07:30,2021-11-19,Saudi Arabia,//xeno-canto.org/688126,field recording
Delicate Prinia,birds,https://xeno-canto.org/688125/download,XC688125-Prinia_song_Sabkhat_Al_Fasal_11-19-21 (ZOOM0026).mp3,male,07:30,2021-11-19,Saudi Arabia,//xeno-canto.org/688125,field recording
Delicate Prinia,birds,https://xeno-canto.org/684298/download,XC684298-210501_Graceful Prinia_2_Sila_OC.mp3,,11:30,2021-05-01,United Arab Emirates,//xeno-canto.org/684298,field recording
Delicate Prinia,birds,https://xeno-canto.org/684297/download,XC684297-210501_Graceful Prinia_1_Sila_OC.mp3,,11:30,2021-05-01,United Arab Emirates,//xeno-canto.org/684297,field recording
Western Fire-eye,birds,https://xeno-canto.org/683958/download,XC683958-Pyriglena leuconota - brisas 2.mp3,,16:30,2021-10-24,Colombia,//xeno-canto.org/683958,field recording
Malayan Black-capped Babbler,birds,https://xeno-canto.org/682538/download,"XC682538-Babbler, Black-caped (May15_NgaWun)1.MP3",uncertain,12:30,2015-05-31,Myanmar,//xeno-canto.org/682538,field recording
Siberian House Martin,birds,https://xeno-canto.org/674968/download,"XC674968-Delichon urbicum lagopodum 210603_024, Хонуу, 23-00, ABB.MP3",,22:00,2021-06-03,Russian Federation,//xeno-canto.org/674968,field recording
Grey-cheeked Bulbul,birds,,,,08:30,2019-09-03,Malaysia,//xeno-canto.org/673217,field recording
Malayan Black-capped Babbler,birds,https://xeno-canto.org/669920/download,XC669920-b05a.mp3,,09:15,1986-02-05,Malaysia,//xeno-canto.org/669920,field recording
Malayan Black-capped Babbler,birds,https://xeno-canto.org/669919/download,XC669919-a06a.mp3,,11:00,1984-04-27,Malaysia,//xeno-canto.org/669919,field recording
Equatorial Antpitta,birds,https://xeno-canto.org/666766/download,XC666766-080007 Grallaria rufula XC.mp3,uncertain,07:00,2021-06-07,Ecuador,//xeno-canto.org/666766,field recording
Malayan Black-capped Babbler,birds,https://xeno-canto.org/665584/download,XC665584-a04a.mp3,,07:40,1988-04-21,Thailand,//xeno-canto.org/665584,field recording
Yungas Guan,birds,https://xeno-canto.org/663426/download,XC663426-210703_2848.mp3,male,09:54,2021-07-03,Bolivia,//xeno-canto.org/663426,field recording
Western Fire-eye,birds,https://xeno-canto.org/654886/download,XC654886-210511_2340.mp3,,07:53,2021-05-11,Bolivia,//xeno-canto.org/654886,field recording
Palawan Fairy-bluebird,birds,,,,07:40,1985-04-05,Philippines,//xeno-canto.org/653400,field recording
Malayan Black-capped Babbler,birds,https://xeno-canto.org/648910/download,XC648910-Black-capped Babbler_call_Panti6_DLY.mp3,,09:00,2014-01-18,Malaysia,//xeno-canto.org/648910,field recording
Malayan Black-capped Babbler,birds,https://xeno-canto.org/648909/download,XC648909-Black-capped Babbler5_Panti_DLY.mp3,,09:00,2014-01-18,Malaysia,//xeno-canto.org/648909,field recording
Western Fire-eye,birds,https://xeno-canto.org/641716/download,XC641716-Pyriglena leuconota - Brisas.mp3,,11:30,2021-04-22,Colombia,//xeno-canto.org/641716,field recording
Cinnamon-bellied Saltator,birds,https://xeno-canto.org/641658/download,XC641658-Video BRAT+OFPA 1.mp3,uncertain,09:30,2021-04-22,Mexico,//xeno-canto.org/641658,field recording
Black-capped Robin,birds,https://xeno-canto.org/634294/download,XC634294-Robin_Ashy1_Kumul_24thJuly2012 (1).mp3,,08:30,2012-07-24,Papua New Guinea,//xeno-canto.org/634294,field recording
Delicate Prinia,birds,https://xeno-canto.org/633647/download,XC633647-210216_Graceful Prinia_song_Ain al Fayda_OC.mp3,,08:00,2021-02-16,United Arab Emirates,//xeno-canto.org/633647,field recording
Cinnamon-bellied Saltator,birds,https://xeno-canto.org/631177/download,XC631177-Video BRAT song 1a.mp3,uncertain,08:00,2021-03-23,Mexico,//xeno-canto.org/631177,field recording
Penan Bulbul,birds,https://xeno-canto.org/631070/download,XC631070-32d.mp3,,13:30,1982-11-13,Malaysia,//xeno-canto.org/631070,field recording
Western Fire-eye,birds,https://xeno-canto.org/627071/download,XC627071-Pyriglena leuconota DCB 820-14.mp3,,15:30,2021-02-18,Bolivia,//xeno-canto.org/627071,field recording
Ryukyu Green Pigeon,birds,https://xeno-canto.org/616440/download,XC616440-Whistling Green Pigeon_Amami_DLY.mp3,,08:30,2014-08-30,Japan,//xeno-canto.org/616440,field recording
Ryukyu Green Pigeon,birds,https://xeno-canto.org/616439/download,XC616439-Whistling Green Pigeon_Amami1_DLY.mp3,,08:30,2014-08-30,Japan,//xeno-canto.org/616439,field recording
Sulawesi Leaf Warbler,birds,https://xeno-canto.org/615475/download,XC615475-19970808SulawesiLeafWarblerTLC17B609.mp3,male,?,1997-08-08,Indonesia,//xeno-canto.org/615475,field recording
Sulawesi Leaf Warbler,birds,https://xeno-canto.org/615468/download,XC615468-19970807SulawesiLeafWarblerTLC17B577.mp3,,?,1997-08-07,Indonesia,//xeno-canto.org/615468,field recording
Western Fire-eye,birds,https://xeno-canto.org/609129/download,XC609129-White-backed Fire-eye.MP3,,07:30,2020-12-13,Ecuador,//xeno-canto.org/609129,field recording
Sulawesi Leaf Warbler,birds,https://xeno-canto.org/598391/download,XC598391-Phylloscopus_sarasinorum_nesophilus-FL X song 1890m Mekongga 18Sept18 7.18am LS111976a.mp3,,07:18,2018-09-18,Indonesia,//xeno-canto.org/598391,field recording
Sulawesi Leaf Warbler,birds,https://xeno-canto.org/598390/download,XC598390-Phylloscopus_sarasinorum_nesophilus-FL X song [Hoevel] 1890m Mekongga 20Sept18 8.45am LS112100a.mp3,,08:45,2018-09-20,Indonesia,//xeno-canto.org/598390,field recording
Sulawesi Leaf Warbler,birds,https://xeno-canto.org/598388/download,XC598388-Phylloscopus_sarasinorum_nesophilus-FL seen song1890m Mekongga 20Sept18 6.33am LS112086a.mp3,,06:33,2018-09-20,Indonesia,//xeno-canto.org/598388,field recording
Sunda Scimitar Babbler,birds,https://xeno-canto.org/582828/download,XC582828-Chestnut-backed Scimitar Babbler_Mersing_DLY_170615.mp3,uncertain,09:30,2017-06-18,Malaysia,//xeno-canto.org/582828,field recording
Biak Triller,birds,https://xeno-canto.org/582450/download,XC582450-VOC_190821-0733 Biak Triller EDITED BIG.mp3,,16:02,2019-08-22,Indonesia,//xeno-canto.org/582450,field recording
Olivaceous Saltator,birds,https://xeno-canto.org/579290/download,XC579290-Saltator coerulescens.mp3,,07:30,2020-03-21,Colombia,//xeno-canto.org/579290,field recording
Malayan Black-capped Babbler,birds,https://xeno-canto.org/578931/download,"XC578931-Babbler, Black-capped_2019-09-22_0713_Msia_PMsia_Lenggor.mp3",,07:13,2019-09-22,Malaysia,//xeno-canto.org/578931,field recording
Bornean Black Magpie,birds,https://xeno-canto.org/578723/download,"XC578723-Magpie, Black_2019-09-30_1550_Msia_Borneo_Sabah_Danum.mp3",,15:50,2019-09-30,Malaysia,//xeno-canto.org/578723,field recording
Sunda Scimitar Babbler,birds,https://xeno-canto.org/576108/download,"XC576108-Scimitar Babbler, Chestnut-backed (UNSURE)_2019-09-26_0804_Msia_Borneo_Sabah_Danum.mp3",,08:04,2019-09-26,Malaysia,//xeno-canto.org/576108,field recording
Cinnamon-bellied Saltator,birds,https://xeno-canto.org/568427/download,XC568427-Grayish Saltator song san A Etla june 14 836.mp3,uncertain,08:30,2020-06-14,Mexico,//xeno-canto.org/568427,field recording
Cinnamon-bellied Saltator,birds,https://xeno-canto.org/568425/download,XC568425-Grayish Saltator song SA Etla june 14 840.mp3,uncertain,08:30,2020-06-14,Mexico,//xeno-canto.org/568425,field recording
Chestnut-capped Warbler,birds,https://xeno-canto.org/565141/download,"XC565141-Rufous-capped Warbler, song, Mana Dulce, 200604-000.mp3",,06:30,2020-06-04,Colombia,//xeno-canto.org/565141,field recording
Black-capped Robin,birds,https://xeno-canto.org/561222/download,XC561222-Heteromyias albispecularis rothschildi_iw_130218_16.mp3,,10:30,2013-02-18,Papua New Guinea,//xeno-canto.org/561222,field recording
Palawan Fairy-bluebird,birds,,,,11:00,2019-10-01,Philippines,//xeno-canto.org/555887,field recording
Utcubamba Tapaculo,birds,https://xeno-canto.org/552376/download,XC552376-SCYINT02-3songlong.mp3,,?,1999-02-04,Peru,//xeno-canto.org/552376,field recording
Chestnut-capped Warbler,birds,https://xeno-canto.org/544941/download,"XC544941-Rufous-capped Warbler, song, 12.4..mp3",,07:35,2020-04-12,Colombia,//xeno-canto.org/544941,field recording
Chestnut-capped Warbler,birds,https://xeno-canto.org/542585/download,"XC542585-Rufous capped Warbler Song, Bocana.mp3",,09:30,2020-03-29,Costa Rica,//xeno-canto.org/542585,field recording
Perija Antpitta,birds,https://xeno-canto.org/539755/download,XC539755-Grallaria_saltuensis_Perijá_20191207_084301.mp3,,08:43,2019-12-07,Colombia,//xeno-canto.org/539755,field recording
Penan Bulbul,birds,https://xeno-canto.org/534791/download,XC534791-JA0000_0685_Ochraceous Bulbul.mp3,uncertain,07:17,2020-03-13,Malaysia,//xeno-canto.org/534791,field recording
Grey-cheeked Bulbul,birds,,,,08:00,2019-07-06,Indonesia,//xeno-canto.org/530109,field recording
Sunda Scimitar Babbler,birds,https://xeno-canto.org/530054/download,XC530054-Chestnut-backed Scimitar-Babbler_15.07.2019_Highway_Matt Slaymaker.mp3,,07:00,2019-07-15,Indonesia,//xeno-canto.org/530054,field recording
Western Fire-eye,birds,https://xeno-canto.org/529078/download,XC529078-papa.mp3,female,10:30,2020-02-17,Brazil,//xeno-canto.org/529078,field recording
Grey-cheeked Bulbul,birds,,,,08:45,2016-08-26,Malaysia,//xeno-canto.org/523357,field recording
Grey-cheeked Bulbul,birds,,,,08:44,2016-08-26,Malaysia,//xeno-canto.org/523356,field recording
Grey-cheeked Bulbul,birds,,,,?,2008-07-02,Malaysia,//xeno-canto.org/520319,field recording
Loja Tapaculo,birds,https://xeno-canto.org/512775/download,"XC512775-Paramo Tapaculo (song, Ecuador, Cerro Toledo, mar2018, 1).mp3",,?,2018-03-29,Ecuador,//xeno-canto.org/512775,field recording
Bornean Black-capped Babbler,birds,https://xeno-canto.org/511967/download,XC511967-SWK2017 JRS 84_a_xc.mp3,male,08:45,2017-10-02,Malaysia,//xeno-canto.org/511967,field recording
Tanzanian Illadopsis,birds,https://xeno-canto.org/510186/download,XC510186-LS_54874 Pale-breasted Illadopsis duet A.mp3,,07:00,2019-11-06,Tanzania,//xeno-canto.org/510186,field recording
Tanzanian Illadopsis,birds,https://xeno-canto.org/510185/download,XC510185-LS_54873 Pale-breasted Illadopsis duet A.mp3,,07:00,2019-11-06,Tanzania,//xeno-canto.org/510185,field recording
Tanzanian Illadopsis,birds,https://xeno-canto.org/510184/download,XC510184-LS_54870 Pale-breasted Illadopsis song A.mp3,,07:00,2019-11-06,Tanzania,//xeno-canto.org/510184,field recording
Burmese Collared Dove,birds,https://xeno-canto.org/509335/download,XC509335-020 Dove - Burmese Collared (Streptopelia xanthocycla) CallSong NOV 1644h 70m KyaunggyiAma_Bagan_1456.mp3,,16:44,2019-11-19,Myanmar,//xeno-canto.org/509335,field recording
Burmese Collared Dove,birds,https://xeno-canto.org/509319/download,XC509319-020 Dove - Burmese Collared (Streptopelia xanthocycla) Song NOV 1658h 70m KyaunggyiAma_Bagan_1459.mp3,,17:13,2019-11-19,Myanmar,//xeno-canto.org/509319,field recording
Okinawa Robin,birds,https://xeno-canto.org/506999/download,XC506999-190512_0562.mp3,male,11:20,2019-05-13,Japan,//xeno-canto.org/506999,field recording
Equatorial Antpitta,birds,https://xeno-canto.org/506969/download,XC506969-170508461.mp3,uncertain,08:30,2019-07-27,Colombia,//xeno-canto.org/506969,field recording
Sunda Scimitar Babbler,birds,https://xeno-canto.org/505536/download,"XC505536-191015_04_Sunda Scimitar Babbler_Gunung Arong, Mersing, Johor, Malaysia_14 October 2019.mp3",,18:00,2019-10-14,Malaysia,//xeno-canto.org/505536,field recording
Sunda Scimitar Babbler,birds,https://xeno-canto.org/505533/download,"XC505533-191014_11_Sunda Scimitar Babbler_Gunung Arong, near Mersing, Johor, Malaysia_13 October 2019.mp3",,17:00,2019-10-13,Malaysia,//xeno-canto.org/505533,field recording
Sunda Scimitar Babbler,birds,https://xeno-canto.org/505532/download,"XC505532-191014_10_Sunda Scimitar Babbler_Gunung Arong, near Mersing, Johor, Malaysia_13 October 2019.mp3",,17:00,2019-10-13,Malaysia,//xeno-canto.org/505532,field recording
Western Fire-eye,birds,https://xeno-canto.org/504710/download,XC504710-Pyriglena_leuconota_LosAriscos_Huila_20190823_103122.mp3,,10:31,2019-08-23,Colombia,//xeno-canto.org/504710,field recording
Sierra Nevada Antpitta,birds,https://xeno-canto.org/503618/download,XC503618-Grallaria rufula spatiator(1).MP3,,07:00,2008-02-07,Colombia,//xeno-canto.org/503618,field recording
Cinnamon-bellied Saltator,birds,https://xeno-canto.org/500330/download,XC500330-SALTATO_Grayish_s_duet Copala 500m 042019 0635.mp3,,06:35,2019-04-20,Mexico,//xeno-canto.org/500330,field recording
Cinnamon-bellied Saltator,birds,https://xeno-canto.org/500324/download,XC500324-SALTATO_Grayish_c_s Tecuitata 500m 042719 0734.mp3,,07:34,2019-04-27,Mexico,//xeno-canto.org/500324,field recording
Cinnamon-bellied Saltator,birds,https://xeno-canto.org/500310/download,XC500310-SALTATO_Grayish Panuco Rd 600m 042219 0823.mp3,,08:23,2019-04-22,Mexico,//xeno-canto.org/500310,field recording
Cinnamon-bellied Saltator,birds,https://xeno-canto.org/498298/download,XC498298-1115_01.mp3,,12:30,2019-08-02,Costa Rica,//xeno-canto.org/498298,field recording
Cinnamon-bellied Saltator,birds,https://xeno-canto.org/486154/download,XC486154-GRSA - Song - Eco Finca - 2019-07-04 06_26_01.mp3,,06:26,2019-07-04,Honduras,//xeno-canto.org/486154,field recording
Bolivian Antpitta,birds,https://xeno-canto.org/471403/download,XC471403-Bolivia2000b_20000212_RufousAntpitta_song_20.mp3,,07:10,2000-02-12,Bolivia,//xeno-canto.org/471403,field recording
Bolivian Antpitta,birds,https://xeno-canto.org/471402/download,XC471402-Bolivia2000b_20000212_RufousAntpitta_song_19.mp3,,07:10,2000-02-12,Bolivia,//xeno-canto.org/471402,field recording
Western Fire-eye,birds,https://xeno-canto.org/471112/download,XC471112-Bolivia1991b_19911229_WhitebackFire-eye_song_17.mp3,,15:30,1991-12-29,Bolivia,//xeno-canto.org/471112,field recording
White-browed Gnatcatcher,birds,https://xeno-canto.org/470048/download,XC470048-Tropical Gnatcatcher song seen toh may 2 834.mp3,,08:30,2019-05-02,Mexico,//xeno-canto.org/470048,field recording
White-browed Gnatcatcher,birds,https://xeno-canto.org/461974/download,XC461974-3. Polioptila plumbea XC.MP3,,07:00,2018-07-07,Ecuador,//xeno-canto.org/461974,field recording
Western Fire-eye,birds,https://xeno-canto.org/456902/download,XC456902-DR0000_0117_pyriglena leuconota.mp3,,08:30,2018-12-10,Bolivia,//xeno-canto.org/456902,field recording
Sulawesi Leaf Warbler,birds,https://xeno-canto.org/452171/download,XC452171-Phylloscopus_sarasinorum_nesophilus-FL seen song1890m Mekongga 20Sept18 6.32am LS112085a.mp3,,06:32,2018-09-20,Indonesia,//xeno-canto.org/452171,field recording
Bornean Black Magpie,birds,https://xeno-canto.org/451918/download,XC451918-V_20190117_081751(Black magpie)1.mp3,,08:17,2019-01-17,Malaysia,//xeno-canto.org/451918,field recording
Brown-tailed Apalis,birds,https://xeno-canto.org/451453/download,XC451453-Apalis_flavida_flavocincta-FL song Buffalo Springs 16Nov18 7.54am LS112477A.mp3,,07:30,2018-11-16,Kenya,//xeno-canto.org/451453,field recording
Magellanic Snipe,birds,https://xeno-canto.org/449939/download,XC449939-LS100957 Magellanic Snipe ground song A.mp3,,08:00,2018-12-14,Chile,//xeno-canto.org/449939,field recording
Magellanic Snipe,birds,https://xeno-canto.org/449938/download,XC449938-LS100956 Magellanic Snipe ground song A.mp3,,08:00,2018-12-14,Chile,//xeno-canto.org/449938,field recording
Cinnamon-bellied Saltator,birds,https://xeno-canto.org/447739/download,XC447739-Grayish Saltator song mapastepec dic 18 1115.mp3,,11:30,2018-12-20,Mexico,//xeno-canto.org/447739,field recording
Delicate Prinia,birds,https://xeno-canto.org/446866/download,XC446866-Prinia gracile chant 12112018 - sur - Oman.mp3,,17:16,2018-11-12,Oman,//xeno-canto.org/446866,field recording
Olivaceous Saltator,birds,https://xeno-canto.org/445512/download,XC445512-AUD-20180728- Saltator coerulescens.mp3,,11:00,2017-11-30,Venezuela,//xeno-canto.org/445512,field recording
Western Fire-eye,birds,https://xeno-canto.org/439088/download,XC439088-White-backed Fire-Eye_ElIncensio_Pe_6oct2016_FSchmitt.mp3,,08:30,2016-10-06,Peru,//xeno-canto.org/439088,field recording
Equatorial Antpitta,birds,https://xeno-canto.org/436107/download,XC436107-Grallaria rufula - Cajamarca 16 09 2018 OTRO IND11 50 AM 3.mp3,,11:55,2018-09-16,Colombia,//xeno-canto.org/436107,field recording
Chestnut-capped Warbler,birds,https://xeno-canto.org/433336/download,"XC433336-rufous-capped warbler chips, song -6dB_EV_2018.09.03 0648.mp3",,06:48,2018-09-03,Panama,//xeno-canto.org/433336,field recording
Utcubamba Tapaculo,birds,https://xeno-canto.org/432542/download,XC432542-Blackish Tapaculo JPG.mp3,,07:00,2018-08-20,Peru,//xeno-canto.org/432542,field recording
Chachapoya Antpitta,birds,https://xeno-canto.org/432541/download,XC432541-Rufous Antpitta obscura JPG.mp3,,14:30,2018-08-15,Peru,//xeno-canto.org/432541,field recording
Yellow-eyed Bristlebill,birds,https://xeno-canto.org/432539/download,XC432539-Yellow-lored Bristlebill.mp3,,09:30,2018-08-03,Uganda,//xeno-canto.org/432539,field recording
Usambiro Barbet,birds,https://xeno-canto.org/429971/download,XC429971-Trachyphonus_darnaudii_usambiro-FL song nr NdutuLodge 5Nov17 7.45am LS113977a.mp3,,07:45,2017-11-05,Tanzania,//xeno-canto.org/429971,field recording
Usambiro Barbet,birds,https://xeno-canto.org/429970/download,XC429970-Trachyphonus_darnaudii_usambiro-FL song nr NdutuLodge 5Nov17 7.47am LS113978a.mp3,,07:47,2017-11-05,Tanzania,//xeno-canto.org/429970,field recording
Tanzanian Illadopsis,birds,https://xeno-canto.org/429908/download,XC429908-Illadopsis_rufipennis_distans-FL song Rd to Amani 18Oct17 7.35am 420m LS113308a.mp3,,07:35,2017-10-18,Tanzania,//xeno-canto.org/429908,field recording
Bornean Black-capped Babbler,birds,https://xeno-canto.org/424564/download,XC424564-194 Babbler - Black-capped [Bornean] (Pellorneum nigrocapitatum morrelli) Song JUN 0826h 180m KubahHQ_0504_GI.mp3,,07:26,2018-06-23,Malaysia,//xeno-canto.org/424564,field recording
Sunda Scimitar Babbler,birds,https://xeno-canto.org/424555/download,XC424555-193 Scimitar-babbler - Chestnut-backed (Pomatorhinus montanus bornensis) Song JUN 1642h 1000m BorneoHighlandSarawak_0757_GI.mp3,,16:45,2018-06-28,Malaysia,//xeno-canto.org/424555,field recording
Sunda Scimitar Babbler,birds,https://xeno-canto.org/424554/download,XC424554-193 Scimitar-babbler - Chestnut-backed (Pomatorhinus montanus bornensis) Song JUN 0915h 280m KubahWaterfallTr_0596_GI.mp3,,09:15,2018-06-24,Malaysia,//xeno-canto.org/424554,field recording
Chestnut-capped Warbler,birds,https://xeno-canto.org/424472/download,XC424472-Basileuterus rufifrons  9 06  2017 la Primavera9 17 am.mp3,,09:17,2017-06-09,Colombia,//xeno-canto.org/424472,field recording
Grey-cheeked Bulbul,birds,,,,06:40,2018-06-25,Malaysia,//xeno-canto.org/424242,field recording
Grey-cheeked Bulbul,birds,,,,08:02,2018-06-25,Malaysia,//xeno-canto.org/424241,field recording
Grey-cheeked Bulbul,birds,,,,08:09,2018-06-28,Malaysia,//xeno-canto.org/424239,field recording
Olivaceous Saltator,birds,https://xeno-canto.org/423696/download,XC423696-Saltator caeroulecens 17 07 2017 Aguas frias 4 05 pm.mp3,,16:05,2017-07-17,Colombia,//xeno-canto.org/423696,field recording
Grey-cheeked Bulbul,birds,,,,07:30,2018-06-24,Malaysia,//xeno-canto.org/422243,field recording
Banda Sea Pitta,birds,https://xeno-canto.org/417506/download,XC417506-ElegantPitta_Kai_081517_song2.mp3,,08:30,2017-08-15,Indonesia,//xeno-canto.org/417506,field recording
Chestnut-capped Warbler,birds,https://xeno-canto.org/415875/download,XC415875-rc 26 Basileuterus rufifrons 2 cut edited.mp3,,08:30,2017-02-13,Colombia,//xeno-canto.org/415875,field recording
Banda Sea Pitta,birds,https://xeno-canto.org/414999/download,XC414999-ElegantPitta_Tanimbar_081117_song.mp3,,08:00,2017-08-11,Indonesia,//xeno-canto.org/414999,field recording
Simeulue Parrot,birds,https://xeno-canto.org/414903/download,XC414903-Simeulue Parrot_Teupah_Yong Ding Li.mp3,,10:00,2017-03-20,Indonesia,//xeno-canto.org/414903,field recording
Malayan Black-capped Babbler,birds,https://xeno-canto.org/413390/download,"XC413390-Babbler, Black-capped.mp3",,09:00,2018-04-26,Thailand,//xeno-canto.org/413390,field recording
Delicate Prinia,birds,https://xeno-canto.org/412839/download,XC412839-Graceful Prinia_Yas_DLY.mp3,,07:30,2018-04-26,United Arab Emirates,//xeno-canto.org/412839,field recording
Ornate Pitta,birds,https://xeno-canto.org/410400/download,XC410400-ElegantPitta_Flores_062917_song.mp3,,08:30,2017-06-29,Indonesia,//xeno-canto.org/410400,field recording
Ornate Pitta,birds,https://xeno-canto.org/410359/download,XC410359-ElegantPitta_Lombok_062217_song.mp3,,06:30,2017-06-22,Indonesia,//xeno-canto.org/410359,field recording
Chestnut-capped Warbler,birds,https://xeno-canto.org/410249/download,XC410249-MP RUFOUUS CAPPED WARBLER.mp3,,10:00,2017-06-12,El Salvador,//xeno-canto.org/410249,field recording
Ornate Pitta,birds,https://xeno-canto.org/410185/download,XC410185-ElegantPitta_Alor_061717_song.mp3,,08:00,2017-06-17,Indonesia,//xeno-canto.org/410185,field recording
Geelvink Imperial Pigeon,birds,https://xeno-canto.org/409835/download,XC409835-GeelvinkImperialPigeon_biak_092617_song.mp3,,08:00,2017-09-26,Indonesia,//xeno-canto.org/409835,field recording
Delicate Prinia,birds,https://xeno-canto.org/409718/download,XC409718-Prinia_gracilis_lepida-FL song Harike 14Jan15 9.09am LS119438a.mp3,,09:09,2016-01-14,India,//xeno-canto.org/409718,field recording
Sumatran Blue Robin,birds,,,male,08:34,2016-07-07,Indonesia,//xeno-canto.org/409551,field recording
Sumatran Blue Robin,birds,,,male,08:26,2016-07-07,Indonesia,//xeno-canto.org/409548,field recording
Ryukyu Flycatcher,birds,https://xeno-canto.org/409295/download,"XC409295-180306_05_Ryukyu Flycatcher_Iriomote, Japan_5 March 2018.mp3",,10:00,2018-03-05,Japan,//xeno-canto.org/409295,field recording
Ryukyu Flycatcher,birds,https://xeno-canto.org/409291/download,"XC409291-180306_04_Ryukyu Flycatcher_Iriomote, Japan_5 March 2018.mp3",,10:00,2018-03-05,Japan,//xeno-canto.org/409291,field recording
Ryukyu Green Pigeon,birds,https://xeno-canto.org/408625/download,"XC408625-180304_04_Ryukyu Green Pigeon_Amami, Japan_3 March 2018.mp3",,10:30,2018-03-03,Japan,//xeno-canto.org/408625,field recording
Malayan Black-capped Babbler,birds,https://xeno-canto.org/408504/download,XC408504-Babbler_Black-capped_Ulu_Muda_Air_Panas_Dawn4a_21stMarch18.mp3,,08:30,2018-03-22,Malaysia,//xeno-canto.org/408504,field recording
Chestnut-capped Warbler,birds,https://xeno-canto.org/408327/download,XC408327-PA Chestnut-capped Warbler song sttr bssp pvpi rbwr iswr wban other 0725 03252018 orig NK for xc.mp3,,07:25,2018-03-25,Panama,//xeno-canto.org/408327,field recording
Western Fire-eye,birds,https://xeno-canto.org/407634/download,XC407634-171212_1442 WB Fireeeye x3 30ft Colibri 0730 mp3 amp.mp3,,07:30,2017-12-12,Ecuador,//xeno-canto.org/407634,field recording
Bornean Black-capped Babbler,birds,https://xeno-canto.org/407547/download,XC407547-SWK2017 JRS 85_a_xc.mp3,"female, male",08:55,2017-10-02,Malaysia,//xeno-canto.org/407547,field recording
Western Fire-eye,birds,https://xeno-canto.org/407518/download,XC407518-171210_1416 WB Fire-eye 20ft Colibri 0900 mp3 amp.mp3,,09:00,2017-12-10,Ecuador,//xeno-canto.org/407518,field recording
Chestnut-capped Warbler,birds,https://xeno-canto.org/405905/download,XC405905-Basileuterus_rufifrons_MesaSantos20170919_0612.mp3,,06:30,2017-08-13,Colombia,//xeno-canto.org/405905,field recording
Olivaceous Saltator,birds,https://xeno-canto.org/404985/download,XC404985-009-2007-07-28 14_13_12 Casa Maria Greyish Saltator song A.mp3,,?,2007-07-28,Venezuela,//xeno-canto.org/404985,field recording
Visayan Shama,birds,https://xeno-canto.org/403698/download,XC403698-VisayanShama_Panay_052717_song.mp3,,07:00,2017-05-27,Philippines,//xeno-canto.org/403698,field recording
West Mexican Euphonia,birds,https://xeno-canto.org/400282/download,XC400282-EUPHONI_Scrub_f_odd call godmani Alamos 400m 122214 0908.mp3,,09:08,2014-12-22,Mexico,//xeno-canto.org/400282,field recording
Basalt Wheatear,birds,https://xeno-canto.org/394134/download,XC394134-Basalt wheatear.mp3,male,07:30,2017-11-17,Israel,//xeno-canto.org/394134,field recording
Grey-cheeked Bulbul,birds,,,,16:42,2017-08-27,Malaysia,//xeno-canto.org/392032,field recording
Bornean Black-capped Babbler,birds,https://xeno-canto.org/388600/download,XC388600-Black-capped Babbler A588 9May14.mp3,,07:00,2014-05-07,Malaysia,//xeno-canto.org/388600,field recording
Cinnamon-bellied Saltator,birds,https://xeno-canto.org/387317/download,XC387317-2017-09-09-1230PM-NewBird1-2.mp3,,12:30,2017-09-09,Nicaragua,//xeno-canto.org/387317,field recording
Cinnamon-bellied Saltator,birds,https://xeno-canto.org/387316/download,XC387316-2017-09-08-0500PM-NewBird1-1.mp3,,17:00,2017-09-08,Nicaragua,//xeno-canto.org/387316,field recording
Equatorial Antpitta,birds,https://xeno-canto.org/386207/download,"XC386207-Rufous Antpitta, 13.09.mp3",,10:00,2017-09-13,Ecuador,//xeno-canto.org/386207,field recording
Siberian House Martin,birds,https://xeno-canto.org/381988/download,XC381988-170607_0048 Bysvale Red.mp3,,14:30,2017-06-07,Russian Federation,//xeno-canto.org/381988,field recording
Cajamarca Antpitta,birds,https://xeno-canto.org/378531/download,XC378531-Cajamarca Rufous Antpitta.mp3,,10:00,2017-06-29,Peru,//xeno-canto.org/378531,field recording
Delicate Prinia,birds,https://xeno-canto.org/368209/download,XC368209-170310_GracefulPrinia_AlWathba_OC.mp3,,09:00,2017-03-10,United Arab Emirates,//xeno-canto.org/368209,field recording
Perija Antpitta,birds,https://xeno-canto.org/353225/download,XC353225-PerijaAntpitta_Colombia_121316_song.mp3,,06:30,2016-12-13,Colombia,//xeno-canto.org/353225,field recording
Bornean Black Magpie,birds,https://xeno-canto.org/349276/download,XC349276-Bornean Black Magpie.mp3,,11:15,2016-12-23,Malaysia,//xeno-canto.org/349276,field recording
Delicate Prinia,birds,https://xeno-canto.org/347210/download,XC347210-683_prigra_laulu2-matala_Turkki_Göksu_2007-05-22.mp3,,07:00,2007-05-22,Turkey,//xeno-canto.org/347210,field recording
Bornean Black-capped Babbler,birds,https://xeno-canto.org/336751/download,XC336751-black-capped-babbler_Kubah_Dawn4.mp3,,10:00,2011-11-03,Malaysia,//xeno-canto.org/336751,field recording
Chestnut-capped Warbler,birds,https://xeno-canto.org/335317/download,XC335317-WARBLER_Ruf-cap_s_c below Paval 400m 032915 1012.mp3,,10:12,2015-03-29,Mexico,//xeno-canto.org/335317,field recording
Chestnut-capped Warbler,birds,https://xeno-canto.org/335316/download,XC335316-WARBLER_Ruf-cap No 2 below Paval 400m 032915 1016.mp3,,10:16,2015-03-29,Mexico,//xeno-canto.org/335316,field recording
Chestnut-capped Warbler,birds,https://xeno-canto.org/335300/download,XC335300-WARBLER_Che-cap No 3 below Limonar 900m 032815 1125.mp3,,11:25,2015-03-28,Mexico,//xeno-canto.org/335300,field recording
Chestnut-capped Warbler,birds,https://xeno-canto.org/335298/download,XC335298-WARBLER_Che-cap 7x below Limonar 1000m 032815 1023.mp3,,10:23,2015-03-28,Mexico,//xeno-canto.org/335298,field recording
Cinnamon-bellied Saltator,birds,https://xeno-canto.org/332678/download,XC332678-GrayishSaltator_Yucatan_081516_song.mp3,,08:30,2016-08-15,Mexico,//xeno-canto.org/332678,field recording
Cinnamon-bellied Saltator,birds,https://xeno-canto.org/328132/download,XC328132-SALCOE_7702.mp3,,16:30,2015-05-01,El Salvador,//xeno-canto.org/328132,field recording
Chestnut-capped Warbler,birds,https://xeno-canto.org/326023/download,XC326023-Basileuterus rufifrons 26 jun 2016 Laguna de las Ranas_1409.mp3,,07:00,2016-06-26,El Salvador,//xeno-canto.org/326023,field recording
Perija Antpitta,birds,https://xeno-canto.org/322053/download,"XC322053-Grallaria_rufula_saltuensisPerijaEAndes2900m1600hMay11,2016PB2indCALLS&SONG.mp3",,16:00,2016-05-11,Colombia,//xeno-canto.org/322053,field recording
Perija Antpitta,birds,https://xeno-canto.org/322052/download,"XC322052-Grallaria_rufula_saltuensisPerijaEAndes2900m1600hMay11,2016PB1indSONG.mp3",,16:00,2016-05-11,Colombia,//xeno-canto.org/322052,field recording
Cinnamon-bellied Saltator,birds,https://xeno-canto.org/321867/download,XC321867-Grayish Saltator-15jun16-09y28am.mp3,,09:30,2016-06-15,El Salvador,//xeno-canto.org/321867,field recording
Visayan Shama,birds,https://xeno-canto.org/320936/download,XC320936-VisayanShama_Negros_051616_song3.mp3,,17:00,2016-05-16,Philippines,//xeno-canto.org/320936,field recording
Visayan Shama,birds,https://xeno-canto.org/320935/download,XC320935-VisayanShama_Negros_051616_song2.mp3,,17:00,2016-05-16,Philippines,//xeno-canto.org/320935,field recording
Visayan Shama,birds,https://xeno-canto.org/320934/download,XC320934-VisayanShama_Negros_051616_song.mp3,,17:00,2016-05-16,Philippines,//xeno-canto.org/320934,field recording
Cinnamon-bellied Saltator,birds,https://xeno-canto.org/320009/download,XC320009-Grayish Saltator not seen minatitlan.mp3,male,11:30,2016-06-03,Mexico,//xeno-canto.org/320009,field recording
Olivaceous Saltator,birds,https://xeno-canto.org/317808/download,XC317808-COL127 GRSA alt song wtdo 1630 05082016 NK filtered.mp3,,16:30,2016-05-08,Colombia,//xeno-canto.org/317808,field recording
Cinnamon-bellied Saltator,birds,https://xeno-canto.org/317546/download,XC317546-Grayish Saltator colima.mp3,,07:00,2016-05-18,Mexico,//xeno-canto.org/317546,field recording
Malayan Black-capped Babbler,birds,https://xeno-canto.org/314821/download,XC314821-black-capped-babbler-kc1.mp3,,08:00,2016-04-20,Thailand,//xeno-canto.org/314821,field recording
Ethiopian Bee-eater,birds,https://xeno-canto.org/300472/download,XC300472-LS_59863 Blue-breasted Bee-eater song and call A.mp3,,6:30,2015-12-08,Ethiopia,//xeno-canto.org/300472,field recording
Chinchipe Spinetail,birds,https://xeno-canto.org/296852/download,XC296852-ChinchipeSpinetail_Peru_061915_song.mp3,,15:30,2015-06-18,Peru,//xeno-canto.org/296852,field recording
Western Fire-eye,birds,https://xeno-canto.org/296721/download,XC296721-WhiteBackedFireEye_Peru_060715_song.mp3,,08:00,2015-06-07,Peru,//xeno-canto.org/296721,field recording
Sunda Scimitar Babbler,birds,https://xeno-canto.org/296631/download,XC296631-Chestnut-backed Scimitarbabbler_Danum.mp3,,08:30,1996-12-24,Malaysia,//xeno-canto.org/296631,field recording
Grey-cheeked Bulbul,birds,,,,09:30,1996-12-24,Malaysia,//xeno-canto.org/296474,field recording
Grey-cheeked Bulbul,birds,,,,07:30,2015-02-04,Thailand,//xeno-canto.org/295074,field recording
Grey-cheeked Bulbul,birds,,,,07:30,2015-02-04,Thailand,//xeno-canto.org/295073,field recording
Ornate Pitta,birds,https://xeno-canto.org/292446/download,XC292446-Elegant PittaFL22015.mp3,,08:30,2015-06-24,Indonesia,//xeno-canto.org/292446,field recording
Malayan Black-capped Babbler,birds,https://xeno-canto.org/290829/download,XC290829-533 Black-capped Babbler 5 song.mp3,,07:00,2014-06-04,Malaysia,//xeno-canto.org/290829,field recording
Malayan Black-capped Babbler,birds,https://xeno-canto.org/290828/download,XC290828-533 Black-capped Babbler 3 song and call.mp3,,11:30,2014-06-03,Malaysia,//xeno-canto.org/290828,field recording
Malayan Black-capped Babbler,birds,https://xeno-canto.org/290827/download,XC290827-533 Black-capped Babbler 2 song.mp3,,11:30,2014-06-03,Malaysia,//xeno-canto.org/290827,field recording
Malayan Black-capped Babbler,birds,https://xeno-canto.org/290826/download,XC290826-533 Black-capped Babbler 1 song.mp3,,07:15,2014-06-06,Malaysia,//xeno-canto.org/290826,field recording
Grey-cheeked Bulbul,birds,,,,08:00,2014-06-05,Malaysia,//xeno-canto.org/290658,field recording
Grey-cheeked Bulbul,birds,,,,10:00,2015-07-10,Malaysia,//xeno-canto.org/290450,field recording
Solomons Robin,birds,https://xeno-canto.org/290396/download,XC290396-Petroica_multicolor_dennisi-FL male Chupukama Ridge Guadalcanal 14Sept15 1470m 8.36am LS118031a.mp3,male,08:36,2015-09-14,Solomon Islands,//xeno-canto.org/290396,field recording
Ornate Pitta,birds,https://xeno-canto.org/289593/download,"XC289593-151002_023elegantpitta2:10kisol, en fond broad-billed flycatcher.mp3",,08:00,2015-10-02,Indonesia,//xeno-canto.org/289593,field recording
Okinawa Robin,birds,https://xeno-canto.org/286141/download,XC286141-LS_58882 Ryukyu Robin song A.mp3,,5:30,2015-05-29,Japan,//xeno-canto.org/286141,field recording
Okinawa Robin,birds,https://xeno-canto.org/286140/download,XC286140-LS_58877 Ryukyu Robin song A.mp3,,5:30,2015-05-29,Japan,//xeno-canto.org/286140,field recording
Ryukyu Flycatcher,birds,https://xeno-canto.org/286049/download,XC286049-LS_58704 Ryukyu Narcissus Flycatcher.mp3,,12:30,2015-05-26,Japan,//xeno-canto.org/286049,field recording
Ryukyu Flycatcher,birds,https://xeno-canto.org/286048/download,XC286048-LS_58701 Ryukyu Narcissus Flycatcehr.mp3,,12:30,2015-05-26,Japan,//xeno-canto.org/286048,field recording
Ryukyu Flycatcher,birds,https://xeno-canto.org/286047/download,XC286047-LS_58700 Ryukyu Narcissus Flycatcher.mp3,,12:30,2015-05-26,Japan,//xeno-canto.org/286047,field recording
Ryukyu Flycatcher,birds,https://xeno-canto.org/286046/download,XC286046-LS_58699 Ryukyu Narcissus Flycatcher.mp3,,12:30,2015-05-26,Japan,//xeno-canto.org/286046,field recording
Solomons Robin,birds,https://xeno-canto.org/284124/download,XC284124-Petroica_multicolor_dennisi-FL male Chupukama Ridge Guadalcanal 14Sept15 1470m 7am LS118032a.mp3,male,06:52,2015-09-14,Solomon Islands,//xeno-canto.org/284124,field recording
Cinnamon-bellied Saltator,birds,https://xeno-canto.org/276857/download,XC276857-Salcoe Ojarquing.MP3,,08:00,2015-08-29,Nicaragua,//xeno-canto.org/276857,field recording
Western Fire-eye,birds,https://xeno-canto.org/276434/download,XC276434-Pyriglena_leuconota86cut1A.mp3,,14:10,1995-08-16,Ecuador,//xeno-canto.org/276434,field recording
White-browed Gnatcatcher,birds,https://xeno-canto.org/275577/download,XC275577-75.004.10.Tropical_Gnatcatcher.mp3,,?,1996-00-00,Ecuador,//xeno-canto.org/275577,field recording
White-browed Gnatcatcher,birds,https://xeno-canto.org/275576/download,XC275576-75.004.05.Tropical_Gnatcatcher.mp3,,?,1992-08-00,Ecuador,//xeno-canto.org/275576,field recording
Western Fire-eye,birds,https://xeno-canto.org/275048/download,XC275048-61.075.02.White-backed_Fire-eye.mp3,,?,1987-08-00,Ecuador,//xeno-canto.org/275048,field recording
Chestnut-capped Warbler,birds,https://xeno-canto.org/273706/download,XC273706-Rufous-capped Warbler song and call.mp3,,08:20,2010-01-05,Colombia,//xeno-canto.org/273706,field recording
White-browed Gnatcatcher,birds,https://xeno-canto.org/271533/download,XC271533-LS_57739 Tropical Gnatcatcher song A.mp3,,08:00,2015-03-06,Panama,//xeno-canto.org/271533,field recording
Visayan Shama,birds,https://xeno-canto.org/270008/download,XC270008-Copsychus_(luzoniensis)_superciliaris-FL MtCanlaon Negros PH 750m 25Apr2010 R09_0085a.MP3,,?,2010-04-25,Philippines,//xeno-canto.org/270008,field recording
Grey-cheeked Bulbul,birds,,,,09:00,2015-07-22,Malaysia,//xeno-canto.org/269855,field recording
Brown-tailed Apalis,birds,https://xeno-canto.org/268493/download,XC268493-Yellow-breasted Apalis2015-1-7-1.mp3,,06:50,2015-01-07,Ethiopia,//xeno-canto.org/268493,field recording
Brown-tailed Apalis,birds,https://xeno-canto.org/268492/download,XC268492-Yellow-breasted Apalis2015-1-4-3.mp3,,10:00,2015-01-04,Ethiopia,//xeno-canto.org/268492,field recording
Brown-tailed Apalis,birds,https://xeno-canto.org/268491/download,XC268491-Yellow-breasted Apalis2015-1-4-2.mp3,,10:00,2015-01-04,Ethiopia,//xeno-canto.org/268491,field recording
Grey-cheeked Bulbul,birds,,,,09:30,2015-07-22,Malaysia,//xeno-canto.org/266518,field recording
Sunda Scimitar Babbler,birds,https://xeno-canto.org/266398/download,XC266398-chestnut-backed-scimitar-babbler-kubah1.mp3,,07:30,2015-07-17,Malaysia,//xeno-canto.org/266398,field recording
Bornean Black-capped Babbler,birds,https://xeno-canto.org/266109/download,XC266109-maliau-BC-Babbler-Song1.mp3,,08:00,2015-07-29,Malaysia,//xeno-canto.org/266109,field recording
Bornean Black Magpie,birds,https://xeno-canto.org/266105/download,XC266105-maliau-black-magpie-song1.mp3,,08:00,2015-07-29,Malaysia,//xeno-canto.org/266105,field recording
Chestnut-capped Warbler,birds,https://xeno-canto.org/265618/download,XC265618-Chestnut-capped Warbler2015-3-30-3.mp3,,17:30,2015-03-30,Mexico,//xeno-canto.org/265618,field recording
Western Fire-eye,birds,https://xeno-canto.org/264622/download,XC264622-61.075.10.White-backed_Fire-eye.mp3,,?,1991-12-00,Ecuador,//xeno-canto.org/264622,field recording
Western Fire-eye,birds,https://xeno-canto.org/264621/download,XC264621-61.075.09.White-backed_Fire-eye.mp3,male,?,1988-09-00,Ecuador,//xeno-canto.org/264621,field recording
Western Fire-eye,birds,https://xeno-canto.org/264620/download,XC264620-61.075.03.White-backed_Fire-eye.mp3,,?,1994-09-00,Ecuador,//xeno-canto.org/264620,field recording
Muisca Antpitta,birds,https://xeno-canto.org/262940/download,XC262940-62.021.02.Rufous_Antpitta.mp3,,08:00,1995-08-17,Ecuador,//xeno-canto.org/262940,field recording
White-browed Gnatcatcher,birds,https://xeno-canto.org/262473/download,XC262473-75.004.06.Tropical_Gnatcatcher.mp3,,?,1997-03-04,Ecuador,//xeno-canto.org/262473,field recording
Muisca Antpitta,birds,https://xeno-canto.org/262136/download,XC262136-62.021.04.Rufous_Antpitta.mp3,,?,2006-08-00,Ecuador,//xeno-canto.org/262136,field recording
Cinnamon-bellied Saltator,birds,https://xeno-canto.org/260190/download,XC260190-Grayish Saltator.mp3,,07:00,2015-07-17,Mexico,//xeno-canto.org/260190,field recording
White-browed Gnatcatcher,birds,https://xeno-canto.org/259429/download,XC259429-75.004.09.Tropical_Gnatcatcher.mp3,,?,2003-03-00,Ecuador,//xeno-canto.org/259429,field recording
White-browed Gnatcatcher,birds,https://xeno-canto.org/259427/download,XC259427-75.004.08.Tropical_Gnatcatcher.mp3,,?,1999-03-00,Ecuador,//xeno-canto.org/259427,field recording
White-browed Gnatcatcher,birds,https://xeno-canto.org/259426/download,XC259426-75.004.07.Tropical_Gnatcatcher.mp3,,?,2002-04-00,Ecuador,//xeno-canto.org/259426,field recording
Muisca Antpitta,birds,https://xeno-canto.org/258603/download,XC258603-62.021.03.Rufous_Antpitta.mp3,,?,2001-05-00,Ecuador,//xeno-canto.org/258603,field recording
Western Fire-eye,birds,https://xeno-canto.org/251447/download,XC251447-Pyriglena_leuconota_2007_04_10A.mp3,,06:15,2007-04-10,Ecuador,//xeno-canto.org/251447,field recording
Western Fire-eye,birds,https://xeno-canto.org/251446/download,XC251446-Pyriglena_leuconota_2005_10_01A.mp3,,06:15,2005-10-01,Ecuador,//xeno-canto.org/251446,field recording
Western Fire-eye,birds,https://xeno-canto.org/249632/download,XC249632-Pyriglena_leuconota04cut3A.mp3,,?,1992-07-14,Ecuador,//xeno-canto.org/249632,field recording
Muisca Antpitta,birds,https://xeno-canto.org/249515/download,XC249515-Grallaria_rufula38cut9A.mp3,,?,1987-06-07,Ecuador,//xeno-canto.org/249515,field recording
Muisca Antpitta,birds,https://xeno-canto.org/248385/download,XC248385-Grallaria_rufula21cut2A.mp3,,?,1992-03-14,Ecuador,//xeno-canto.org/248385,field recording
Western Fire-eye,birds,https://xeno-canto.org/246018/download,XC246018-PYRLNT13.mp3,,07:34,2003-04-02,Brazil,//xeno-canto.org/246018,field recording
Olivaceous Saltator,birds,https://xeno-canto.org/244192/download,XC244192-Grayish-Saltator.mp3,,00:00,2010-02-01,Venezuela,//xeno-canto.org/244192,field recording
Olivaceous Saltator,birds,https://xeno-canto.org/244191/download,XC244191-Grayish-Saltator 1.mp3,,00:00,2010-02-01,Venezuela,//xeno-canto.org/244191,field recording
White-browed Gnatcatcher,birds,https://xeno-canto.org/242996/download,XC242996-Polioptila_plumbea58cut3A.mp3,,08:10:00 AM,1991-02-04,Ecuador,//xeno-canto.org/242996,field recording
White-browed Gnatcatcher,birds,https://xeno-canto.org/242995/download,XC242995-Polioptila_plumbea89cut4A.mp3,,07:50:00 AM,2003-02-16,Ecuador,//xeno-canto.org/242995,field recording
White-browed Gnatcatcher,birds,https://xeno-canto.org/242993/download,XC242993-Polioptila_plumbea87cut2A.mp3,,06:30:00 AM,2003-02-16,Ecuador,//xeno-canto.org/242993,field recording
White-browed Gnatcatcher,birds,https://xeno-canto.org/242992/download,XC242992-Polioptila_plumbea20cut1A.mp3,,10:48:00 AM,2002-03-10,Ecuador,//xeno-canto.org/242992,field recording
Malayan Black-capped Babbler,birds,https://xeno-canto.org/236314/download,"XC236314-Babbler, Black-capped150404.mp3",,09:30,2015-04-02,Thailand,//xeno-canto.org/236314,field recording
Sierra Nevada Antpitta,birds,https://xeno-canto.org/235765/download,XC235765-Grallaria_rufula_2007_02_06_A_529-540.mp3,,06:55,2007-02-06,Colombia,//xeno-canto.org/235765,field recording
Sierra Nevada Antpitta,birds,https://xeno-canto.org/235763/download,XC235763-Grallaria_rufula_2007_02_04_B_449.mp3,,07:00,2007-02-04,Colombia,//xeno-canto.org/235763,field recording
Sierra Nevada Antpitta,birds,https://xeno-canto.org/235762/download,XC235762-Grallaria_rufula_2007_02_04_B_197.mp3,,06:05,2007-02-04,Colombia,//xeno-canto.org/235762,field recording
Sierra Nevada Antpitta,birds,https://xeno-canto.org/235761/download,XC235761-Grallaria_rufula_2007_02_03_A_168-177.mp3,,07:30,2007-02-03,Colombia,//xeno-canto.org/235761,field recording
White-browed Gnatcatcher,birds,https://xeno-canto.org/235262/download,XC235262-2.1 Polioptila plumbea XC.mp3,,07:00,2015-02-24,Ecuador,//xeno-canto.org/235262,field recording
Sierra Nevada Antpitta,birds,https://xeno-canto.org/234208/download,XC234208-Rufous Antpitta_spatiator_SanLorenzo_Col_26mar2015_FSchmitt.mp3,,08:00,2015-03-26,Colombia,//xeno-canto.org/234208,field recording
White-browed Gnatcatcher,birds,https://xeno-canto.org/233468/download,XC233468-6. Polioptila plumbea XC.MP3,,07:15,2015-02-20,Ecuador,//xeno-canto.org/233468,field recording
Utcubamba Tapaculo,birds,https://xeno-canto.org/229515/download,XC229515-Blackish Tapaculo A 8854.mp3,,12:15,2008-01-07,Peru,//xeno-canto.org/229515,field recording
Utcubamba Tapaculo,birds,https://xeno-canto.org/229513/download,XC229513-Blackish Tapaculo A 8853.mp3,,11:45,2008-01-07,Peru,//xeno-canto.org/229513,field recording
Cinnamon-bellied Saltator,birds,https://xeno-canto.org/229225/download,XC229225-Grayish Saltator A 16363.mp3,,07:00,2002-04-04,Mexico,//xeno-canto.org/229225,field recording
Cinnamon-bellied Saltator,birds,https://xeno-canto.org/229224/download,XC229224-Grayish Saltator A 16362.mp3,,06:30,2002-04-04,Mexico,//xeno-canto.org/229224,field recording
Cinnamon-bellied Saltator,birds,https://xeno-canto.org/229223/download,XC229223-Grayish Saltator A 16357.mp3,,09:00,2000-06-06,Mexico,//xeno-canto.org/229223,field recording
Cinnamon-bellied Saltator,birds,https://xeno-canto.org/229222/download,XC229222-Grayish Saltator A 16356.mp3,,09:00,2000-06-06,Mexico,//xeno-canto.org/229222,field recording
Cinnamon-bellied Saltator,birds,https://xeno-canto.org/229221/download,XC229221-Grayish Saltator A 16364.mp3,,09:30,2002-04-06,Mexico,//xeno-canto.org/229221,field recording
Cinnamon-bellied Saltator,birds,https://xeno-canto.org/229220/download,XC229220-Grayish Saltator A 16360.mp3,,08:30,2002-03-27,Mexico,//xeno-canto.org/229220,field recording
Cinnamon-bellied Saltator,birds,https://xeno-canto.org/229219/download,XC229219-Grayish Saltator A 16369.mp3,,17:45,2003-04-08,Mexico,//xeno-canto.org/229219,field recording
Cinnamon-bellied Saltator,birds,https://xeno-canto.org/229218/download,XC229218-Grayish Saltator A 16368.mp3,,17:15,2003-04-08,Mexico,//xeno-canto.org/229218,field recording
Western Fire-eye,birds,https://xeno-canto.org/228774/download,XC228774-White-backed Fire-eye A 7876.mp3,,16:00,2006-02-14,Ecuador,//xeno-canto.org/228774,field recording
Bolivian Antpitta,birds,https://xeno-canto.org/223701/download,XC223701-Rufous Antpitta  8592.mp3,,08:00,1994-12-28,Bolivia,//xeno-canto.org/223701,field recording
Bolivian Antpitta,birds,https://xeno-canto.org/223700/download,XC223700-Rufous Antpitta  8591.mp3,,08:00,1994-12-28,Bolivia,//xeno-canto.org/223700,field recording
Urubamba Antpitta,birds,https://xeno-canto.org/223699/download,XC223699-Rufous Antpitta A 8608.mp3,,08:00,2009-08-01,Peru,//xeno-canto.org/223699,field recording
Junin Antpitta,birds,https://xeno-canto.org/223698/download,XC223698-Rufous Antpitta A 8606.mp3,,12:00,2008-08-07,Peru,//xeno-canto.org/223698,field recording
Sierra Nevada Antpitta,birds,https://xeno-canto.org/223697/download,XC223697-Rufous Antpitta  8590.mp3,,06:00,1994-01-03,Colombia,//xeno-canto.org/223697,field recording
Cajamarca Antpitta,birds,https://xeno-canto.org/223696/download,XC223696-Rufous Antpitta A 8602.mp3,,08:00,2008-01-09,Peru,//xeno-canto.org/223696,field recording
Cajamarca Antpitta,birds,https://xeno-canto.org/223695/download,XC223695-Rufous Antpitta A 8600.mp3,,17:00,2008-01-08,Peru,//xeno-canto.org/223695,field recording
Cajamarca Antpitta,birds,https://xeno-canto.org/223694/download,XC223694-Rufous Antpitta A 8598.mp3,,16:30,2008-01-08,Peru,//xeno-canto.org/223694,field recording
Cajamarca Antpitta,birds,https://xeno-canto.org/223693/download,XC223693-Rufous Antpitta A 8597.mp3,,16:30,2008-01-08,Peru,//xeno-canto.org/223693,field recording
Olivaceous Saltator,birds,https://xeno-canto.org/219565/download,XC219565-Grayish-Saltator 1 song.mp3,,00:00,2012-01-15,Venezuela,//xeno-canto.org/219565,field recording
Olivaceous Saltator,birds,https://xeno-canto.org/214239/download,XC214239-SALCOE12.mp3,,07:50,2001-07-11,Brazil,//xeno-canto.org/214239,field recording
Equatorial Antpitta,birds,https://xeno-canto.org/202061/download,XC202061-Grufula.mp3,,08:00,2014-11-05,Ecuador,//xeno-canto.org/202061,field recording
Cinnamon-bellied Saltator,birds,https://xeno-canto.org/197700/download,XC197700-Saltator coerulescens (llamado dichoso fui stereo) Colonia España 31 mar 2013 amp 8 db.mp3,,?,2013-03-31,El Salvador,//xeno-canto.org/197700,field recording
Bornean Black Magpie,birds,https://xeno-canto.org/196808/download,XC196808-Platysmurus_leucopterus_aterrimus-FL song Kubah Sarawak 16Feb14 9.25am LS110644a.mp3,,09:25,2014-02-16,Malaysia,//xeno-canto.org/196808,field recording
Ryukyu Green Pigeon,birds,https://xeno-canto.org/193601/download,XC193601-Whistling Green Pigeon_Kinsakubaru1.mp3,,08:00,2014-08-30,Japan,//xeno-canto.org/193601,field recording
Ryukyu Green Pigeon,birds,https://xeno-canto.org/191336/download,XC191336-Ryukyu Green-Pigeon2013-12-8-3.mp3,,07:30,2013-12-08,Japan,//xeno-canto.org/191336,field recording
Malayan Black-capped Babbler,birds,https://xeno-canto.org/190423/download,"XC190423-Babbler, Black-capped.mp3",,12:09,2011-03-26,Thailand,//xeno-canto.org/190423,field recording
Palawan Fairy-bluebird,birds,,,,09:00,2014-07-24,Philippines,//xeno-canto.org/190304,field recording
Grey-cheeked Bulbul,birds,,,,13:24,2014-02-15,Malaysia,//xeno-canto.org/190013,field recording
Cinnamon-bellied Saltator,birds,https://xeno-canto.org/189826/download,XC189826-Salcoe OjarquínG.MP3,,06:00,2014-07-31,Nicaragua,//xeno-canto.org/189826,field recording
Cinnamon-bellied Saltator,birds,https://xeno-canto.org/186212/download,XC186212-Salcoe OjarquinG.MP3,,05:30,2014-07-10,Nicaragua,//xeno-canto.org/186212,field recording
Loja Tapaculo,birds,https://xeno-canto.org/183937/download,XC183937-Scytalopus opacus140613_T1026.mp3,,15:30,2014-06-13,Peru,//xeno-canto.org/183937,field recording
Sunda Scimitar Babbler,birds,https://xeno-canto.org/183493/download,XC183493-163 Scimitar-babbler - Chestnut-backed (Pomatorhinus montanus) Song 450m KM12ViewpointBalaTHA_GI.mp3,,10:30,2014-06-21,Thailand,//xeno-canto.org/183493,field recording
Malayan Black-capped Babbler,birds,https://xeno-canto.org/180857/download,XC180857-163 Babbler - Black-capped (Pellorneum capistratum) Song 250m KrungChingTHA_GI.mp3,,10:30,2014-05-19,Thailand,//xeno-canto.org/180857,field recording
Chestnut-capped Warbler,birds,https://xeno-canto.org/180811/download,XC180811-Rufous-capped Warbler.MP3,,07:30,2014-05-30,Honduras,//xeno-canto.org/180811,field recording
Grey-cheeked Bulbul,birds,,,,16:00,2014-05-19,Thailand,//xeno-canto.org/180233,field recording
Visayan Shama,birds,https://xeno-canto.org/179936/download,XC179936-B2A_VisayanShama1Siaton514_SDW.mp3,,06:30,2014-05-24,Philippines,//xeno-canto.org/179936,field recording
Grey-cheeked Bulbul,birds,,,,08:30,2014-05-21,Thailand,//xeno-canto.org/179436,field recording
Western Fire-eye,birds,https://xeno-canto.org/178515/download,XC178515-Thamnophilidae_Pyriglena_leuconota_05_08_2013_H08_14_Rosário_Oeste.mp3,"female, male",08:14,2013-08-05,Brazil,//xeno-canto.org/178515,field recording
Grey-cheeked Bulbul,birds,,,,09:00,2011-10-13,Malaysia,//xeno-canto.org/177212,field recording
Bornean Black-capped Babbler,birds,https://xeno-canto.org/177167/download,XC177167-Black capped Babbler 100723 DVFC.mp3,,07:00,2010-07-23,Malaysia,//xeno-canto.org/177167,field recording
Cajamarca Antpitta,birds,https://xeno-canto.org/175882/download,XC175882-Cajamarca Antpitta.mp3,,15:00,2013-07-23,Peru,//xeno-canto.org/175882,field recording
Western Fire-eye,birds,https://xeno-canto.org/174050/download,XC174050-PAPA TAOCA - ROSARIO OESTE - 05-08-13 (1).mp3,male,09:00,2013-08-05,Brazil,//xeno-canto.org/174050,field recording
Bornean Black-capped Babbler,birds,https://xeno-canto.org/173092/download,XC173092-Pellorneum_capistratum_morrelli-FL nat call SepilokRDC 3Apr14 7.52am LS111910.mp3,,07:52,2014-04-03,Malaysia,//xeno-canto.org/173092,field recording
Western Fire-eye,birds,https://xeno-canto.org/171181/download,XC171181-Pyriglena leuconota_Jauru_1425.mp3,male,11:00,2014-03-25,Brazil,//xeno-canto.org/171181,field recording
White-browed Gnatcatcher,birds,https://xeno-canto.org/170826/download,XC170826-6. Polioptila plumbea XC.MP3,,07:00,2014-02-14,Ecuador,//xeno-canto.org/170826,field recording
Geelvink Fruit Dove,birds,https://xeno-canto.org/166996/download,XC166996-Ptilinopus solomonensis_speciosus-FL seen song Num for 17Jul13 4.32pm LS115881.mp3,male,16:32,2013-07-17,Indonesia,//xeno-canto.org/166996,field recording
Geelvink Fruit Dove,birds,https://xeno-canto.org/166995/download,XC166995-Ptilinopus solomonensis_speciosus-FL seen song Num for 17Jul13 4.06pm LS115879.mp3,male,16:06,2013-07-17,Indonesia,//xeno-canto.org/166995,field recording
Ornate Pitta,birds,https://xeno-canto.org/166730/download,XC166730-Pitta_elegans_concinna-FL response Above Senaru Lombok 14Nov12 6.28am 1000m LS112975.mp3,,06:28,2012-11-13,Indonesia,//xeno-canto.org/166730,field recording
Ornate Pitta,birds,https://xeno-canto.org/166728/download,XC166728-Pitta_elegans_concinna-FL response Above Senaru Lombok 14Nov12 6.21am 1000m LS112974.mp3,,06:21,2012-11-13,Indonesia,//xeno-canto.org/166728,field recording
Ornate Pitta,birds,https://xeno-canto.org/166727/download,XC166727-Pitta_elegans_concinna-FL Above Senaru Lombok 14Nov12 6.17am 1000m LS112972.mp3,,06:17,2012-11-13,Indonesia,//xeno-canto.org/166727,field recording
Malayan Black-capped Babbler,birds,https://xeno-canto.org/164939/download,XC164939-Black-capped Babbler4_panti.mp3,,08:00,2014-01-18,Malaysia,//xeno-canto.org/164939,field recording
Atlas Wheatear,birds,https://xeno-canto.org/164205/download,XC164205-643_oenoensee_laulu_Marokko_Oukaimeden_2012-05-01.mp3,,06:00,2012-04-30,Morocco,//xeno-canto.org/164205,field recording
Siberian House Martin,birds,https://xeno-canto.org/162647/download,XC162647-PFR09271_1-10_130602_hmartin-lagopodum-TR-FC-SF.mp3,,14:54,2013-06-02,Mongolia,//xeno-canto.org/162647,field recording
Banda Sea Pitta,birds,https://xeno-canto.org/161623/download,XC161623-Pitta_elegans-FL song Tanimbar 30Oct13 pm LS116678.mp3,,17:05,2013-10-30,Indonesia,//xeno-canto.org/161623,field recording
Banda Sea Pitta,birds,https://xeno-canto.org/161619/download,XC161619-Pitta_elegans-FL song calls Tanimbar 30Oct13 5.52am LS116647.mp3,,05:52,2013-10-30,Indonesia,//xeno-canto.org/161619,field recording
Sunda Scimitar Babbler,birds,https://xeno-canto.org/158700/download,XC158700-Pomatorhinus montanus occidentalis song Taman Negara Malaysia 90 m 10.45 hr 27 February 1988 (Arend Wassink).mp3,,11:00,1988-02-27,Malaysia,//xeno-canto.org/158700,field recording
Malayan Black-capped Babbler,birds,https://xeno-canto.org/158693/download,XC158693-Pellorneum capistratum Black-capped Babbler call Taman Negara national park Malaysia 90 m 9.25 hr 19 February 1988 (Arend Wassink).mp3,,09:30,1988-02-19,Malaysia,//xeno-canto.org/158693,field recording
Grey-cheeked Bulbul,birds,,,,09:30,1988-03-02,Malaysia,//xeno-canto.org/158438,field recording
Cajamarca Antpitta,birds,https://xeno-canto.org/158132/download,"XC158132-Rufous Antpitta (song, Peru, Cruz Conga, dec2009, 2).mp3",,?,2010-12-19,Peru,//xeno-canto.org/158132,field recording
Cajamarca Antpitta,birds,https://xeno-canto.org/158131/download,"XC158131-Rufous Antpitta (song, Peru, Celendin, dec2010, 2).MP3",,?,2010-12-19,Peru,//xeno-canto.org/158131,field recording
Utcubamba Tapaculo,birds,https://xeno-canto.org/157561/download,"XC157561-Blackish Tapaculo (song, Peru, Abra Barro Negro, dec2010, 2).MP3",,?,2010-12-21,Peru,//xeno-canto.org/157561,field recording
Wetar Oriole,birds,https://xeno-canto.org/156502/download,XC156502-Oriolus_(melanotis)_finschi-FL Naumatong Wetar 21Oct13 11.17am LS116518.mp3,,11:17,2013-10-21,Indonesia,//xeno-canto.org/156502,field recording
Ryukyu Flycatcher,birds,https://xeno-canto.org/156253/download,"XC156253-Ficedula_narcissina_owstoni-FL song Ishigaki, Japan, 12Jun13 9.02am LS115175.mp3",male,09:02,2013-06-12,Japan,//xeno-canto.org/156253,field recording
Ryukyu Flycatcher,birds,https://xeno-canto.org/156252/download,"XC156252-Ficedula_narcissina_owstoni-FL song Ishigaki, Japan, 12Jun13 8.44am LS115169.mp3",male,08:44,2013-06-12,Japan,//xeno-canto.org/156252,field recording
Ryukyu Flycatcher,birds,https://xeno-canto.org/156250/download,"XC156250-Ficedula_narcissina_owstoni-FL song Ishigaki, Japan, 12Jun13 8.31am LS115162.mp3",male,08:31,2013-06-12,Japan,//xeno-canto.org/156250,field recording
Ryukyu Flycatcher,birds,https://xeno-canto.org/156249/download,"XC156249-Ficedula_narcissina_owstoni-FL song Ishigaki, Japan, 12Jun13 8.28am LS115161.mp3",male,08:28,2013-06-12,Japan,//xeno-canto.org/156249,field recording
Okinawa Robin,birds,https://xeno-canto.org/156110/download,XC156110-Erithacus_komadori_namiyei-FL X nat song NE Okinawa 14June13 09.04am LS115329.mp3,,09:04,2013-06-14,Japan,//xeno-canto.org/156110,field recording
Okinawa Robin,birds,https://xeno-canto.org/156109/download,XC156109-Erithacus_komadori_namiyei-FL X nat song Soku NE Okinawa 14June13 07.49am LS115308.mp3,,07:49,2013-06-14,Japan,//xeno-canto.org/156109,field recording
Okinawa Robin,birds,https://xeno-canto.org/156108/download,XC156108-Erithacus_komadori_namiyei-FL X song Soku NE Okinawa 14June13 07.35am LS115301+2.mp3,,07:35,2013-06-14,Japan,//xeno-canto.org/156108,field recording
Okinawa Robin,birds,https://xeno-canto.org/156107/download,XC156107-Erithacus_komadori_namiyei-FL X song Soku NE Okinawa 14June13 07.31am LS115300.mp3,,07:31,2013-06-14,Japan,//xeno-canto.org/156107,field recording
Okinawa Robin,birds,https://xeno-canto.org/156105/download,XC156105-Erithacus_komadori_namiyei-FL X song northern Okinawa 13June13 06.30 LS115262 + 09.04am LS115229.mp3,,06:30,2013-06-13,Japan,//xeno-canto.org/156105,field recording
Ryukyu Flycatcher,birds,https://xeno-canto.org/156008/download,XC156008-Ficedula_narcissina_owstoni-FL X nat song Amami 16June13 5.18am LS115378 F.mp3,,05:18,2013-06-16,Japan,//xeno-canto.org/156008,field recording
Ryukyu Flycatcher,birds,https://xeno-canto.org/156007/download,XC156007-Ficedula_narcissina_owstoni-FL X nat song Amami 16June13 5.18am LS115376.mp3,,05:18,2013-06-16,Japan,//xeno-canto.org/156007,field recording
Ryukyu Flycatcher,birds,https://xeno-canto.org/156006/download,XC156006-Ficedula_narcissina_owstoni-FL X nat song Amami 16June13 5.16am LS115375.mp3,,05:16,2013-06-16,Japan,//xeno-canto.org/156006,field recording
Ryukyu Green Pigeon,birds,https://xeno-canto.org/155990/download,XC155990-Treron_riukiuensis_permagnus-FL nat song Amami 16June13 9.44am LS115428.mp3,,09:44,2013-06-16,Japan,//xeno-canto.org/155990,field recording
Ryukyu Green Pigeon,birds,https://xeno-canto.org/155988/download,XC155988-Treron_riukiuensis_permagnus-FL nat song Amami 16June13 5.18am LS115378.mp3,,05:18,2013-06-16,Japan,//xeno-canto.org/155988,field recording
Western Fire-eye,birds,https://xeno-canto.org/155510/download,XC155510-Pyriglena leuconota0721-1.mp3,,11:00,2007-06-29,Bolivia,//xeno-canto.org/155510,field recording
Turkestan Short-toed Lark,birds,https://xeno-canto.org/154860/download,XC154860-Calandrella rufescens song and calls of male and female near nest Kyzylkol lake South Kazakhstan province Kazakhstan 30 April 2012 (Arend Wassink) .mp3,,14:00,2012-04-30,Kazakhstan,//xeno-canto.org/154860,field recording
Turkestan Short-toed Lark,birds,https://xeno-canto.org/154859/download,XC154859-Calandrella rufescens call near nest Kyzylkol lake South Kazakhstan province 30 April 2012 (Arend Wassink).mp3,,13:30,2012-04-30,Kazakhstan,//xeno-canto.org/154859,field recording
Ornate Pitta,birds,https://xeno-canto.org/153466/download,XC153466-Pitta_elegans_concinna-FL song Pantar 18Oct13 10m LS116480.mp3,,07:30,2013-10-18,Indonesia,//xeno-canto.org/153466,field recording
Ornate Pitta,birds,https://xeno-canto.org/153465/download,XC153465-Pitta_elegans_concinna-FL song Pantar 18Oct13 10m LS116478.mp3,,07:30,2013-10-18,Indonesia,//xeno-canto.org/153465,field recording
Junin Antpitta,birds,https://xeno-canto.org/152853/download,XC152853-B15h29m29s04oct2013_Ruous AP obscura zang.mp3,,15:29,2013-10-04,Peru,//xeno-canto.org/152853,field recording
Cajamarca Antpitta,birds,https://xeno-canto.org/152734/download,XC152734-07082008_102-a-GraRuf.mp3,,17:57,2008-08-09,Peru,//xeno-canto.org/152734,field recording
Cajamarca Antpitta,birds,https://xeno-canto.org/152732/download,XC152732-07082008_077-a-GraRuf-odd.mp3,,10:14,2008-08-09,Peru,//xeno-canto.org/152732,field recording
Grey-cheeked Bulbul,birds,,,,13:00,2013-08-18,Malaysia,//xeno-canto.org/150796,field recording
Malayan Black-capped Babbler,birds,https://xeno-canto.org/150454/download,XC150454-SP_Thailand_2012_-_Black-capped_Babbler_call_(Khao_Nor_Chuchi).mp3,,07:45,2012-12-17,Thailand,//xeno-canto.org/150454,field recording
Delicate Prinia,birds,https://xeno-canto.org/149604/download,XC149604-Prinia_gracilis-FL song Chhari Lake 30Jan13 LS113488.mp3,,16:35,2013-01-30,India,//xeno-canto.org/149604,field recording
Delicate Prinia,birds,https://xeno-canto.org/149603/download,XC149603-Prinia_gracilis-FL song Chhari Lake 30Jan13 LS113487.mp3,,16:30,2013-01-30,India,//xeno-canto.org/149603,field recording
Olivaceous Saltator,birds,https://xeno-canto.org/143144/download,XC143144-2009021401 Saltator coerulescens_M_F Deroussen.mp3,,06:00,2009-02-14,Venezuela,//xeno-canto.org/143144,field recording
White-browed Gnatcatcher,birds,https://xeno-canto.org/142551/download,XC142551-Tropical Gnatcatcher.MP3,,12:00,2013-07-13,Honduras,//xeno-canto.org/142551,field recording
Chestnut-capped Warbler,birds,https://xeno-canto.org/133467/download,XC133467-Rufous-capped Warbler_song_VillaRoyal_Honduras.MP3,,07:00,2013-05-10,Honduras,//xeno-canto.org/133467,field recording
Chestnut-capped Warbler,birds,https://xeno-canto.org/132907/download,XC132907-Rufous-capped Warbler song Honduras.MP3,,09:00,2013-05-07,Honduras,//xeno-canto.org/132907,field recording
Maghreb Wheatear,birds,https://xeno-canto.org/132811/download,XC132811-Berbersteinschmätzer.mp3,,07:00,2003-03-13,Tunisia,//xeno-canto.org/132811,field recording
Muisca Antpitta,birds,https://xeno-canto.org/132312/download,XC132312-19. Grallaria rufula XC.mp3,,08:00,2013-04-17,Ecuador,//xeno-canto.org/132312,field recording
White-browed Gnatcatcher,birds,https://xeno-canto.org/127523/download,XC127523-Audio Tropical Gnatcatcher.mp3,,09:00,2013-03-26,Panama,//xeno-canto.org/127523,field recording
Tanimbar Monarch,birds,https://xeno-canto.org/122147/download,XC122147-Monarcha_castus-FL calls Tanimbar km45 20Aug12 LS112384.mp3,male,08:00,2012-08-20,Indonesia,//xeno-canto.org/122147,field recording
Ornate Pitta,birds,https://xeno-canto.org/121785/download,XC121785-Pitta_elegans_concinna-FL song & calls West Flores 15Aug12 LS112213.mp3,,08:20,2012-08-15,Indonesia,//xeno-canto.org/121785,field recording
Ornate Pitta,birds,https://xeno-canto.org/121784/download,XC121784-Pitta_elegans_concinna-FL song  West Flores 15Aug12 LS112214.mp3,,08:25,2012-08-15,Indonesia,//xeno-canto.org/121784,field recording
Ornate Pitta,birds,https://xeno-canto.org/121783/download,XC121783-Pitta_elegans_concinna-FL West Flores 15Aug12 LS112209.mp3,,08:15,2012-08-15,Indonesia,//xeno-canto.org/121783,field recording
Utcubamba Tapaculo,birds,https://xeno-canto.org/115775/download,XC115775-Blackish Tapaculo2012-10-29-1.mp3,,06:45,2012-10-29,Peru,//xeno-canto.org/115775,field recording
Tapajos Fire-eye,birds,https://xeno-canto.org/108542/download,White-backed Fire-eye song 8-19-11.mp3,,15:20,2011-08-19,Brazil,//xeno-canto.org/108542,field recording
Delicate Prinia,birds,https://xeno-canto.org/107010/download,grasful prinia.mp3,,3:00 pm,2011-12-30,India,//xeno-canto.org/107010,field recording
Cinnamon-bellied Saltator,birds,https://xeno-canto.org/106502/download,GreyishSaltatorCR5.mp3,,6:15am,2012-06-29,Costa Rica,//xeno-canto.org/106502,field recording
Cinnamon-bellied Saltator,birds,https://xeno-canto.org/106500/download,GreyishSaltatorCR3.mp3,,8:15am,2012-06-28,Costa Rica,//xeno-canto.org/106500,field recording
Cinnamon-bellied Saltator,birds,https://xeno-canto.org/106499/download,GreyishSaltatorCR2.mp3,,6:45am,2012-06-28,Costa Rica,//xeno-canto.org/106499,field recording
Cinnamon-bellied Saltator,birds,https://xeno-canto.org/106498/download,GreyishSaltatorCR1.mp3,,6:45am,2012-06-28,Costa Rica,//xeno-canto.org/106498,field recording
Western Fire-eye,birds,https://xeno-canto.org/102621/download,White-backed Fire-eye_marcapatensis_CORL_Pe_21jul10_FS_2.mp3,,?:?,2010-07-21,Peru,//xeno-canto.org/102621,field recording
Western Fire-eye,birds,https://xeno-canto.org/102620/download,White-backed Fire-eye_marcapatensis_CORL_Pe_21jul10_FS_1.mp3,,?:?,2010-07-21,Peru,//xeno-canto.org/102620,field recording
Cajamarca Antpitta,birds,https://xeno-canto.org/102557/download,Rufous Antpitta_cajamarcae_CruzConga_Pe_22sep2011_FS.mp3,,?:?,2011-09-22,Peru,//xeno-canto.org/102557,field recording
Chestnut-capped Warbler,birds,https://xeno-canto.org/101820/download,BASRUF01.mp3,,06:22,2012-04-18,Colombia,//xeno-canto.org/101820,field recording
Muisca Antpitta,birds,https://xeno-canto.org/101060/download,Antpitta_rufula_19032011_0745_0206.mp3,,07:45,2011-03-19,Ecuador,//xeno-canto.org/101060,field recording
Muisca Antpitta,birds,https://xeno-canto.org/101059/download,Antpitta_rufula_19032011_0741_0204.mp3,,07:41,2011-03-19,Ecuador,//xeno-canto.org/101059,field recording
Urubamba Antpitta,birds,https://xeno-canto.org/101036/download,Antpitta_occabambae_08082011_0652_0212.mp3,,06:52,2011-08-08,Peru,//xeno-canto.org/101036,field recording
Urubamba Antpitta,birds,https://xeno-canto.org/101035/download,Antpitta_obscura_shortsong_19062011_0857_0102.mp3,,08:57,2011-06-19,Peru,//xeno-canto.org/101035,field recording
Junin Antpitta,birds,https://xeno-canto.org/101034/download,Antpitta_obscura_shortsong_19062011_0855_0101.mp3,,08:55,2011-06-19,Peru,//xeno-canto.org/101034,field recording
Bolivian Antpitta,birds,https://xeno-canto.org/100397/download,Antpitta_cochabambae_natsong_26092011_0826_0028.mp3,,08:26,2011-09-26,Bolivia,//xeno-canto.org/100397,field recording
Bolivian Antpitta,birds,https://xeno-canto.org/100396/download,Antpitta_cochabambae_natsong_26092011_0823_0027.mp3,,08:23,2011-09-26,Bolivia,//xeno-canto.org/100396,field recording
Bolivian Antpitta,birds,https://xeno-canto.org/100393/download,Antpitta_cochabambae_natlong_06092011_1730_0273.mp3,,17:30,2011-06-09,Bolivia,//xeno-canto.org/100393,field recording
Bolivian Antpitta,birds,https://xeno-canto.org/100390/download,Antpitta_cochabambae_afterpb_06092011_1757_0281.mp3,,17:57,2011-06-09,Bolivia,//xeno-canto.org/100390,field recording
Bolivian Antpitta,birds,https://xeno-canto.org/100389/download,Antpitta_cochabambae_afterpb_06092011_1754_0278.mp3,,17:54,2011-06-09,Bolivia,//xeno-canto.org/100389,field recording
Bolivian Antpitta,birds,https://xeno-canto.org/100388/download,Antpitta_cochabambae_afterpb_06092011_1752_0277.mp3,,17:52,2011-06-09,Bolivia,//xeno-canto.org/100388,field recording
Cajamarca Antpitta,birds,https://xeno-canto.org/100368/download,Antpitta_Cajamarca_21062011_0858_0116.mp3,,08:58,2011-06-21,Peru,//xeno-canto.org/100368,field recording
Cajamarca Antpitta,birds,https://xeno-canto.org/100367/download,Antpitta_Cajamarca_21062011_0850_0115.mp3,,08:50,2011-06-21,Peru,//xeno-canto.org/100367,field recording
Western Fire-eye,birds,https://xeno-canto.org/98040/download,white backed fire eye song.mp3,,16:20,2011-01-28,Ecuador,//xeno-canto.org/98040,field recording
Junin Antpitta,birds,https://xeno-canto.org/97827/download,Rufous Antpitta_obscura2011-10-1-1.mp3,,07:00,2011-10-01,Peru,//xeno-canto.org/97827,field recording
Malayan Black-capped Babbler,birds,https://xeno-canto.org/96395/download,Pellorneum_capistratum_nigrocapitatum-FL [not seen] Deerland Pahang MY 15Nov09 35m R09_0118.mp3,,09:30,2009-11-15,Malaysia,//xeno-canto.org/96395,field recording
Grey-cheeked Bulbul,birds,,,,07:10,2011-11-13,Malaysia,//xeno-canto.org/95846,field recording
Grey-cheeked Bulbul,birds,,,,07:00,2011-11-13,Malaysia,//xeno-canto.org/95844,field recording
Bornean Black Magpie,birds,https://xeno-canto.org/92619/download,BlackMagpie2_SAFE11_Edwards.mp3,,06:00,2011-09-00,Malaysia,//xeno-canto.org/92619,field recording
Bornean Black Magpie,birds,https://xeno-canto.org/92618/download,BlackMagpie_SAFE11_Edwards.mp3,,06:00,2011-09-00,Malaysia,//xeno-canto.org/92618,field recording
Bornean Black-capped Babbler,birds,https://xeno-canto.org/90691/download,20090728_Poring_Black-cappedBabbler_song.mp3,,10:00,2009-07-28,Malaysia,//xeno-canto.org/90691,field recording
Grey-cheeked Bulbul,birds,,,,07:57,2009-07-23,Malaysia,//xeno-canto.org/90684,field recording
Grey-cheeked Bulbul,birds,,,,11:33,2009-07-22,Malaysia,//xeno-canto.org/90683,field recording
Malayan Black-capped Babbler,birds,https://xeno-canto.org/90213/download,Pellorneum_capistratum_nigrocapitatum-FL X calls UluMuda Kedah MY 14Nov11 R05_0154.mp3,,07:35,2011-11-14,Malaysia,//xeno-canto.org/90213,field recording
Western Fire-eye,birds,https://xeno-canto.org/89196/download,PYRLNT12.mp3,,06:20,2003-03-23,Brazil,//xeno-canto.org/89196,field recording
Bornean Black Magpie,birds,https://xeno-canto.org/88181/download,Bornean Black Magpie1_sarawak.mp3,,08.00,2011-10-02,Malaysia,//xeno-canto.org/88181,field recording
Western Fire-eye,birds,https://xeno-canto.org/86463/download,White-backed Fire-eye2011-8-8-2.mp3,,09:20,2011-08-08,Ecuador,//xeno-canto.org/86463,field recording
Western Fire-eye,birds,https://xeno-canto.org/80263/download,PYRLNT04.mp3,,07:31,2000-01-16,Brazil,//xeno-canto.org/80263,field recording
Chestnut-capped Warbler,birds,https://xeno-canto.org/72398/download,Rufous-capped Warbler2011-2-8-2.mp3,,08:15,2011-02-08,Costa Rica,//xeno-canto.org/72398,field recording
Chestnut-capped Warbler,birds,https://xeno-canto.org/72396/download,Rufous-capped Warbler2011-2-8-1.mp3,,08:15,2011-02-08,Costa Rica,//xeno-canto.org/72396,field recording
Grey-cheeked Bulbul,birds,,,,??:??,2010-08-00,Malaysia,//xeno-canto.org/70625,field recording
Bornean Black Magpie,birds,https://xeno-canto.org/70597/download,BlackMagpie2_Danum2010_Edwards.mp3,,??:??,2010-08-00,Malaysia,//xeno-canto.org/70597,field recording
Bornean Black Magpie,birds,https://xeno-canto.org/70596/download,BlackMagpie_Danum2010_Edwards.mp3,,??:??,2010-08-00,Malaysia,//xeno-canto.org/70596,field recording
Sulawesi Leaf Warbler,birds,https://xeno-canto.org/69103/download,Phylloscopus_sarasinorum_Sulawesi-00b-FRL_ID_2_86-129_1_S.mp3,,?:?,2000-04-04,Indonesia,//xeno-canto.org/69103,field recording
Sulawesi Leaf Warbler,birds,https://xeno-canto.org/69101/download,Phylloscopus_sarasinorum_Sulawesi-00a-FRL_ID_29.3_53.2-81.8_3_S.mp3,,?:?,2000-04-04,Indonesia,//xeno-canto.org/69101,field recording
Sulawesi Leaf Warbler,birds,https://xeno-canto.org/69100/download,Phylloscopus_sarasinorum_Sulawesi-00a-FRL_ID_29.2_32.9-52.3_2_S.mp3,,?:?,2000-04-04,Indonesia,//xeno-canto.org/69100,field recording
Visayan Shama,birds,https://xeno-canto.org/67991/download,Copsychus_luzoniensis_28Apr10-Negros-FRL_PH_R09.0126_0-76_1_S.mp3,,?:?,2010-04-28,Philippines,//xeno-canto.org/67991,field recording
Grey-cheeked Bulbul,birds,,,,?:?,0000-00-00,Malaysia,//xeno-canto.org/67569,field recording
Panao Antpitta,birds,https://xeno-canto.org/62929/download,29122009_162_005_GraRuf.mp3,,7:00,2010-08-21,Peru,//xeno-canto.org/62929,field recording
Panao Antpitta,birds,https://xeno-canto.org/62928/download,11082010_250_000_GraRuf.mp3,,6:50,2010-08-19,Peru,//xeno-canto.org/62928,field recording
Magellanic Snipe,birds,https://xeno-canto.org/60123/download,SNIPE (S-A) Magellanic_27_Punta Arenas_XII Region_CH_13NOV99_Alvaro Jaramillo.mp3,,?:?,1999-11-13,Chile,//xeno-canto.org/60123,field recording
Grey-cheeked Bulbul,birds,,,,11:30am,2009-08-13,Malaysia,//xeno-canto.org/58500,field recording
Bornean Black-capped Babbler,birds,https://xeno-canto.org/56872/download,20090710_SepilokRDC_Black-cappedBabbler_1.mp3,,07:12,2009-07-10,Malaysia,//xeno-canto.org/56872,field recording
Camiguin Bulbul,birds,https://xeno-canto.org/53980/download,Yellowish_Bulbulz2.mp3,,10:40,2010-04-23,Philippines,//xeno-canto.org/53980,field recording
Ornate Pitta,birds,https://xeno-canto.org/47915/download,"Pitta, Alor, 21 Jan2010.mp3",,08:00,2010-01-21,Indonesia,//xeno-canto.org/47915,field recording
Ornate Pitta,birds,https://xeno-canto.org/47914/download,"Pitta, Pantar, 10Dec2009.mp3",,08:00,2009-12-10,Indonesia,//xeno-canto.org/47914,field recording
Junin Antpitta,birds,https://xeno-canto.org/47028/download,Rufous Antpitta2009-11-25-2.mp3,,07:20,2009-11-25,Peru,//xeno-canto.org/47028,field recording
Western Fire-eye,birds,https://xeno-canto.org/45843/download,White-backed Fire-eye2009-11-9-2.mp3,,08:00,2009-11-09,Peru,//xeno-canto.org/45843,field recording
Loja Tapaculo,birds,https://xeno-canto.org/42257/download,Scyopa171104a.mp3,,8:00,2004-11-17,Ecuador,//xeno-canto.org/42257,field recording
Ethiopian Bee-eater,birds,https://xeno-canto.org/41547/download,428_Blue-breasted_Bee_eater_Addis_20Dec9.mp3,,10:40 hrs,2009-12-20,Ethiopia,//xeno-canto.org/41547,field recording
Cajamarca Antpitta,birds,https://xeno-canto.org/40751/download,RufousAntpitta(cajamarcae).mp3,,11:00,2008-11-14,Peru,//xeno-canto.org/40751,field recording
Western Fire-eye,birds,https://xeno-canto.org/39061/download,FIREEYEPacific_FL QuebFaical 31Nov04.mp3,,11:10,0000-00-00,Peru,//xeno-canto.org/39061,field recording
Tapajos Fire-eye,birds,https://xeno-canto.org/38467/download,White-backed Fire-eye2009-8-23-1part1.mp3,,07:25,2009-08-23,Brazil,//xeno-canto.org/38467,field recording
Cajamarca Antpitta,birds,https://xeno-canto.org/37796/download,RufousAntpitta_songtype2_variation_PajaBlanca_090809_730.mp3,,7:30,2008-08-10,Peru,//xeno-canto.org/37796,field recording
Urubamba Antpitta,birds,https://xeno-canto.org/36282/download,APRufous_FL occabambae AbraMalagaRd2 25oct04.mp3,,10:00,2004-10-25,Peru,//xeno-canto.org/36282,field recording
Cajamarca Antpitta,birds,https://xeno-canto.org/36024/download,APCajamarca_FL2 nrCruzConga Celendin 22Jun06 3254m.mp3,,08:00,2006-06-22,Peru,//xeno-canto.org/36024,field recording
Bornean Black-capped Babbler,birds,https://xeno-canto.org/35884/download,"Black-capped Babbler (Pellorneum capistratum), ssp. morrelli. Song..mp3",,?:?,2001-08-00,Malaysia,//xeno-canto.org/35884,field recording
Usambiro Barbet,birds,https://xeno-canto.org/33977/download,R09_0220.mp3,,?:?,2008-02-17,Tanzania,//xeno-canto.org/33977,field recording
Urubamba Antpitta,birds,https://xeno-canto.org/33211/download,graruf02.mp3,,08:15,2009-04-16,Peru,//xeno-canto.org/33211,field recording
Grey-cheeked Bulbul,birds,,,,?:?,2008-00-00,Malaysia,//xeno-canto.org/29967,field recording
Grey-cheeked Bulbul,birds,,,,?:?,2008-07-00,Malaysia,//xeno-canto.org/29966,field recording
Grey-cheeked Bulbul,birds,,,,?:?,2008-00-00,Malaysia,//xeno-canto.org/29965,field recording
Grey-cheeked Bulbul,birds,,,,?:?,2008-00-00,Malaysia,//xeno-canto.org/29964,field recording
Sunda Scimitar Babbler,birds,https://xeno-canto.org/29921/download,Chestnut-backedScimitar-babblerDanum08Edwards.mp3,,?:?,2008-00-00,Malaysia,//xeno-canto.org/29921,field recording
Equatorial Antpitta,birds,https://xeno-canto.org/29517/download,Grallaria_rufula_2001_03_04_B_86-99_call.mp3,,xx:xx,2001-03-04,Colombia,//xeno-canto.org/29517,field recording
Cinnamon-bellied Saltator,birds,https://xeno-canto.org/28597/download,Saltator.coerulescens9403-2.mp3,,?,1994-03-16,Belize,//xeno-canto.org/28597,field recording
White-browed Gnatcatcher,birds,https://xeno-canto.org/28335/download,Polioptila.plumbea9401-1b.mp3,,?,1994-02-17,Belize,//xeno-canto.org/28335,field recording
Bornean Black Magpie,birds,https://xeno-canto.org/27619/download,BlackMagpieDanum08Edwards.mp3,,8:30,2008-03-00,Malaysia,//xeno-canto.org/27619,field recording
Muisca Antpitta,birds,https://xeno-canto.org/25789/download,Rufous Antpitta  R0913_0033.mp3,,09:30,2008-12-05,Ecuador,//xeno-canto.org/25789,field recording
Western Fire-eye,birds,https://xeno-canto.org/23005/download,pyrleu01.mp3,,10:45,2008-05-12,Peru,//xeno-canto.org/23005,field recording
Urubamba Antpitta,birds,https://xeno-canto.org/22978/download,graruf01.mp3,,8:30,2008-04-14,Peru,//xeno-canto.org/22978,field recording
Chestnut-capped Warbler,birds,https://xeno-canto.org/22356/download,Rufous-capped Warbler2008-8-2-1.mp3,,09:20,2008-08-02,Colombia,//xeno-canto.org/22356,field recording
Sulawesi Leaf Warbler,birds,https://xeno-canto.org/19877/download,sulawesileafwarblersongsulawesiFarrow.mp3,,?:?,1999-09-14,Indonesia,//xeno-canto.org/19877,field recording
Grey-cheeked Bulbul,birds,,,,?:?,2003-07-26,Thailand,//xeno-canto.org/19702,field recording
Delicate Prinia,birds,https://xeno-canto.org/19263/download,GracefulPriniaRobson.mp3,,?:?,0000-00-00,India,//xeno-canto.org/19263,field recording
Bornean Black Magpie,birds,https://xeno-canto.org/19161/download,BlackMagpieRobson.mp3,,?:?,0000-00-00,Malaysia,//xeno-canto.org/19161,field recording
Grey-cheeked Bulbul,birds,,,,?:?,2006-04-00,Malaysia,//xeno-canto.org/19060,field recording
Sunda Scimitar Babbler,birds,https://xeno-canto.org/19024/download,Chestnut-backedScimitar-BabblerEdwards.mp3,,?:?,2006-04-00,Malaysia,//xeno-canto.org/19024,field recording
